2026-05-13 11:14:50,702 - utils.logger - INFO - 开始执行每日选股分析任务
2026-05-13 11:14:50,705 - utils.logger - INFO - 第一步：获取权威时间
2026-05-13 11:14:51,300 - utils.logger - INFO - 第二步：获取市场数据
2026-05-13 11:15:03,805 - utils.logger - INFO - 第三步：处理数据
2026-05-13 11:15:03,807 - utils.logger - INFO - 第四步：分析股票
2026-05-13 11:15:03,807 - utils.logger - INFO - 第五步：生成报告
2026-05-13 11:15:03,811 - utils.logger - INFO - 第六步：转换为PNG和PDF
2026-05-13 11:15:04,280 - utils.logger - INFO - 第七步：发送邮件
2026-05-13 11:15:04,280 - utils.logger - INFO - 每日选股分析任务完成
2026-05-13 12:01:43,303 - utils.logger - INFO - 开始执行每日选股分析任务
2026-05-13 12:01:43,319 - utils.logger - INFO - 第一步：获取权威时间
2026-05-13 12:01:43,950 - utils.logger - INFO - 第二步：获取市场数据
2026-05-13 12:01:56,861 - utils.logger - INFO - 第三步：处理数据
2026-05-13 12:01:56,863 - utils.logger - INFO - 第四步：分析股票
2026-05-13 12:01:56,863 - utils.logger - INFO - 第五步：生成报告
2026-05-13 12:01:56,864 - utils.logger - INFO - 第六步：转换为PNG和PDF
2026-05-13 12:01:59,270 - utils.logger - INFO - 第七步：发送邮件
2026-05-13 12:01:59,270 - utils.logger - ERROR - 执行过程中发生错误: stat: path should be string, bytes, os.PathLike or integer, not NoneType
2026-05-13 12:02:48,811 - utils.logger - INFO - 开始执行每日选股分析任务
2026-05-13 12:02:48,814 - utils.logger - INFO - 第一步：获取权威时间
2026-05-13 12:02:49,490 - utils.logger - INFO - 第二步：获取市场数据
2026-05-13 12:03:02,202 - utils.logger - INFO - 第三步：处理数据
2026-05-13 12:03:02,202 - utils.logger - INFO - 第四步：分析股票
2026-05-13 12:03:02,202 - utils.logger - INFO - 第五步：生成报告
2026-05-13 12:03:02,207 - utils.logger - INFO - 第六步：转换为PNG和PDF
2026-05-13 12:03:03,188 - utils.logger - INFO - 第七步：发送邮件
2026-05-13 12:03:04,761 - utils.logger - INFO - 每日选股分析任务完成
2026-05-13 12:05:38,510 - utils.logger - INFO - 开始执行每日选股分析任务
2026-05-13 12:05:38,514 - utils.logger - INFO - 第一步：获取权威时间
2026-05-13 12:05:39,002 - utils.logger - INFO - 第二步：获取市场数据
2026-05-13 12:05:51,668 - utils.logger - INFO - 第三步：处理数据
2026-05-13 12:05:51,669 - utils.logger - INFO - 第四步：分析股票
2026-05-13 12:05:51,669 - utils.logger - INFO - 第五步：生成报告
2026-05-13 12:05:51,672 - utils.logger - INFO - 第六步：转换为PNG和PDF
2026-05-13 12:05:52,734 - utils.logger - INFO - 第七步：发送邮件
2026-05-13 12:05:54,093 - utils.logger - INFO - 每日选股分析任务完成
2026-05-13 12:07:43,816 - utils.logger - INFO - 开始执行每日选股分析任务
2026-05-13 12:07:43,817 - utils.logger - INFO - 第一步：获取权威时间
2026-05-13 12:07:44,485 - utils.logger - INFO - 第二步：获取市场数据
2026-05-13 12:07:57,175 - utils.logger - INFO - 第三步：处理数据
2026-05-13 12:07:57,175 - utils.logger - INFO - 第四步：分析股票
2026-05-13 12:07:57,175 - utils.logger - INFO - 第五步：生成报告
2026-05-13 12:07:57,181 - utils.logger - INFO - 第六步：转换为PNG和PDF
2026-05-13 12:07:58,217 - utils.logger - INFO - 第七步：发送邮件
2026-05-13 12:07:59,897 - utils.logger - INFO - 每日选股分析任务完成
2026-05-13 12:12:48,737 - utils.logger - INFO - 开始执行每日选股分析任务
2026-05-13 12:12:48,738 - utils.logger - INFO - 第一步：获取权威时间
2026-05-13 12:12:49,366 - utils.logger - INFO - 第二步：获取市场数据
2026-05-13 12:13:01,345 - utils.logger - INFO - 第三步：处理数据
2026-05-13 12:13:01,345 - utils.logger - INFO - 第四步：分析股票
2026-05-13 12:13:01,346 - utils.logger - INFO - 第五步：生成报告
2026-05-13 12:13:01,348 - utils.logger - INFO - 第六步：转换为PNG和PDF
2026-05-13 12:13:02,381 - utils.logger - INFO - 第七步：发送邮件
2026-05-13 12:13:03,843 - utils.logger - INFO - 每日选股分析任务完成
2026-05-13 12:13:56,316 - utils.logger - INFO - 开始执行每日选股分析任务
2026-05-13 12:13:56,316 - utils.logger - INFO - 第一步：获取权威时间
2026-05-13 12:13:56,954 - utils.logger - INFO - 第二步：获取市场数据
2026-05-13 12:14:08,915 - utils.logger - INFO - 第三步：处理数据
2026-05-13 12:14:08,915 - utils.logger - INFO - 第四步：分析股票
2026-05-13 12:14:08,915 - utils.logger - INFO - 第五步：生成报告
2026-05-13 12:14:08,918 - utils.logger - INFO - 第六步：转换为PNG和PDF
2026-05-13 12:14:09,746 - utils.logger - INFO - 第七步：发送邮件
2026-05-13 12:14:11,358 - utils.logger - INFO - 每日选股分析任务完成
2026-05-13 12:15:11,108 - utils.logger - INFO - 开始执行每日选股分析任务
2026-05-13 12:15:11,108 - utils.logger - INFO - 第一步：获取权威时间
2026-05-13 12:15:21,218 - utils.logger - INFO - 第二步：获取市场数据
2026-05-13 12:15:33,322 - utils.logger - INFO - 第三步：处理数据
2026-05-13 12:15:33,324 - utils.logger - INFO - 第四步：分析股票
2026-05-13 12:15:33,325 - utils.logger - INFO - 第五步：生成报告
2026-05-13 12:15:33,343 - utils.logger - INFO - 第六步：转换为PNG和PDF
2026-05-13 12:15:34,555 - utils.logger - INFO - 第七步：发送邮件
2026-05-13 12:15:36,027 - utils.logger - INFO - 每日选股分析任务完成
2026-05-13 12:16:12,182 - utils.logger - INFO - 开始执行每日选股分析任务
2026-05-13 12:16:12,185 - utils.logger - INFO - 第一步：获取权威时间
2026-05-13 12:16:12,846 - utils.logger - INFO - 第二步：获取市场数据
2026-05-13 12:16:24,530 - utils.logger - INFO - 第三步：处理数据
2026-05-13 12:16:24,530 - utils.logger - INFO - 第四步：分析股票
2026-05-13 12:16:24,531 - utils.logger - INFO - 第五步：生成报告
2026-05-13 12:16:24,536 - utils.logger - INFO - 第六步：转换为PNG和PDF
2026-05-13 12:16:25,740 - utils.logger - INFO - 第七步：发送邮件
2026-05-13 12:16:27,261 - utils.logger - INFO - 每日选股分析任务完成
2026-05-13 12:17:21,277 - utils.logger - INFO - 开始执行每日选股分析任务
2026-05-13 12:17:21,280 - utils.logger - INFO - 第一步：获取权威时间
2026-05-13 12:17:21,842 - utils.logger - INFO - 第二步：获取市场数据
2026-05-13 12:17:33,479 - utils.logger - INFO - 第三步：处理数据
2026-05-13 12:17:33,479 - utils.logger - INFO - 第四步：分析股票
2026-05-13 12:17:33,481 - utils.logger - INFO - 第五步：生成报告
2026-05-13 12:17:33,483 - utils.logger - INFO - 第六步：转换为PNG和PDF
2026-05-13 12:17:34,384 - utils.logger - INFO - 第七步：发送邮件
2026-05-13 12:17:35,762 - utils.logger - INFO - 每日选股分析任务完成
2026-05-13 12:19:12,247 - utils.logger - INFO - 开始执行每日选股分析任务
2026-05-13 12:19:12,250 - utils.logger - INFO - 第一步：获取权威时间
2026-05-13 12:19:12,920 - utils.logger - INFO - 第二步：获取市场数据
2026-05-13 12:19:25,108 - utils.logger - INFO - 第三步：处理数据
2026-05-13 12:19:25,108 - utils.logger - INFO - 第四步：分析股票
2026-05-13 12:19:25,110 - utils.logger - INFO - 第五步：生成报告
2026-05-13 12:19:25,113 - utils.logger - INFO - 第六步：转换为PNG和PDF
2026-05-13 12:19:26,079 - utils.logger - INFO - 第七步：发送邮件
2026-05-13 12:19:27,330 - utils.logger - INFO - 每日选股分析任务完成
2026-05-13 12:20:06,049 - utils.logger - INFO - 开始执行每日选股分析任务
2026-05-13 12:20:06,050 - utils.logger - INFO - 第一步：获取权威时间
2026-05-13 12:20:06,768 - utils.logger - INFO - 第二步：获取市场数据
2026-05-13 12:20:18,603 - utils.logger - INFO - 第三步：处理数据
2026-05-13 12:20:18,603 - utils.logger - INFO - 第四步：分析股票
2026-05-13 12:20:18,603 - utils.logger - INFO - 第五步：生成报告
2026-05-13 12:20:18,609 - utils.logger - INFO - 第六步：转换为PNG和PDF
2026-05-13 12:20:19,430 - utils.logger - INFO - 第七步：发送邮件
2026-05-13 12:20:21,061 - utils.logger - INFO - 每日选股分析任务完成
2026-05-13 12:22:57,827 - utils.logger - INFO - 开始执行每日选股分析任务
2026-05-13 12:22:57,827 - utils.logger - INFO - 第一步：获取权威时间
2026-05-13 12:22:58,447 - utils.logger - INFO - 第二步：获取市场数据
2026-05-13 12:23:10,688 - utils.logger - INFO - 第三步：处理数据
2026-05-13 12:23:10,688 - utils.logger - INFO - 第四步：分析股票
2026-05-13 12:23:10,690 - utils.logger - INFO - 第五步：生成报告
2026-05-13 12:23:10,692 - utils.logger - INFO - 第六步：转换为PNG和PDF
2026-05-13 12:23:11,613 - utils.logger - INFO - 第七步：发送邮件
2026-05-13 12:23:13,137 - utils.logger - INFO - 每日选股分析任务完成
2026-05-13 12:27:59,066 - utils.logger - INFO - 开始执行每日选股分析任务
2026-05-13 12:27:59,068 - utils.logger - INFO - 第一步：获取权威时间
2026-05-13 12:27:59,721 - utils.logger - INFO - 第二步：获取市场数据
2026-05-13 12:28:12,018 - utils.logger - INFO - 第三步：处理数据
2026-05-13 12:28:12,019 - utils.logger - INFO - 第四步：分析股票
2026-05-13 12:28:20,031 - utils.logger - INFO - 第五步：生成报告
2026-05-13 12:28:20,040 - utils.logger - INFO - 第六步：转换为PNG和PDF
2026-05-13 12:28:20,913 - utils.logger - INFO - 第七步：发送邮件
2026-05-13 12:28:22,550 - utils.logger - INFO - 每日选股分析任务完成
2026-05-13 12:29:59,996 - utils.logger - INFO - 开始执行每日选股分析任务
2026-05-13 12:29:59,997 - utils.logger - INFO - 第一步：获取权威时间
2026-05-13 12:30:00,860 - utils.logger - INFO - 第二步：获取市场数据
2026-05-13 12:30:12,914 - utils.logger - INFO - 第三步：处理数据
2026-05-13 12:30:12,917 - utils.logger - INFO - 第四步：分析股票
2026-05-13 12:30:21,469 - utils.logger - INFO - 第五步：生成报告
2026-05-13 12:30:21,476 - utils.logger - INFO - 第六步：转换为PNG和PDF
2026-05-13 12:30:22,402 - utils.logger - INFO - 第七步：发送邮件
2026-05-13 12:30:24,086 - utils.logger - INFO - 每日选股分析任务完成
2026-05-13 12:33:25,945 - utils.logger - INFO - 开始执行每日选股分析任务
2026-05-13 12:33:25,949 - utils.logger - INFO - 第一步：获取权威时间
2026-05-13 12:33:26,549 - utils.logger - INFO - 第二步：获取市场数据
2026-05-13 12:33:38,272 - utils.logger - INFO - 第三步：处理数据
2026-05-13 12:33:38,272 - utils.logger - INFO - 第四步：分析股票
2026-05-13 12:33:45,481 - utils.logger - INFO - 第五步：生成报告
2026-05-13 12:33:45,486 - utils.logger - INFO - 第六步：转换为PNG和PDF
2026-05-13 12:33:46,187 - utils.logger - INFO - 第七步：发送邮件
2026-05-13 12:33:47,823 - utils.logger - INFO - 每日选股分析任务完成
2026-05-13 12:35:05,202 - utils.logger - INFO - 开始执行每日选股分析任务
2026-05-13 12:35:05,202 - utils.logger - INFO - 第一步：获取权威时间
2026-05-13 12:35:05,667 - utils.logger - INFO - 第二步：获取市场数据
2026-05-13 12:35:18,060 - utils.logger - INFO - 第三步：处理数据
2026-05-13 12:35:18,060 - utils.logger - INFO - 第四步：分析股票
2026-05-13 12:35:24,938 - utils.logger - INFO - 第五步：生成报告
2026-05-13 12:35:24,940 - utils.logger - INFO - 第六步：转换为PNG和PDF
2026-05-13 12:35:25,594 - utils.logger - INFO - 第七步：发送邮件
2026-05-13 12:35:27,098 - utils.logger - INFO - 每日选股分析任务完成
2026-05-13 14:51:10,085 - utils.logger - INFO - 开始执行每日选股分析任务
2026-05-13 14:51:10,086 - utils.logger - INFO - 第一步：获取权威时间
2026-05-13 14:51:10,720 - utils.logger - INFO - 第二步：获取市场数据
2026-05-13 14:51:24,906 - utils.logger - INFO - 第三步：处理数据
2026-05-13 14:51:24,906 - utils.logger - INFO - 第四步：分析股票
2026-05-13 14:51:31,495 - utils.logger - INFO - 第五步：AI增强分析
2026-05-13 14:51:31,495 - utils.logger - ERROR - 执行过程中发生错误: name 'news_news' is not defined
2026-05-13 14:51:51,653 - utils.logger - INFO - 开始执行每日选股分析任务
2026-05-13 14:51:51,653 - utils.logger - INFO - 第一步：获取权威时间
2026-05-13 14:51:52,289 - utils.logger - INFO - 第二步：获取市场数据
2026-05-13 14:52:05,167 - utils.logger - INFO - 第三步：处理数据
2026-05-13 14:52:05,169 - utils.logger - INFO - 第四步：分析股票
2026-05-13 14:52:10,794 - utils.logger - INFO - 第五步：AI增强分析
2026-05-13 14:52:11,173 - utils.logger - ERROR - 执行过程中发生错误: Unknown format code 'f' for object of type 'str'
2026-05-13 14:52:53,759 - utils.logger - INFO - 开始执行每日选股分析任务
2026-05-13 14:52:53,759 - utils.logger - INFO - 第一步：获取权威时间
2026-05-13 14:52:54,245 - utils.logger - INFO - 第二步：获取市场数据
2026-05-13 14:53:06,479 - utils.logger - INFO - 第三步：处理数据
2026-05-13 14:53:06,479 - utils.logger - INFO - 第四步：分析股票
2026-05-13 14:53:13,821 - utils.logger - INFO - 第五步：AI增强分析
2026-05-13 14:53:19,577 - utils.logger - INFO - 第六步：生成报告
2026-05-13 14:53:19,592 - utils.logger - INFO - 第七步：转换为PNG和PDF
2026-05-13 14:53:20,274 - utils.logger - INFO - 第八步：发送邮件
2026-05-13 14:53:21,993 - utils.logger - INFO - 每日选股分析任务完成
2026-05-13 14:59:06,470 - utils.logger - INFO - 开始执行每日选股分析任务
2026-05-13 14:59:06,470 - utils.logger - INFO - 第一步：获取权威时间
2026-05-13 14:59:06,899 - utils.logger - INFO - 第二步：获取市场数据
2026-05-13 14:59:18,981 - utils.logger - INFO - 第三步：处理数据
2026-05-13 14:59:18,981 - utils.logger - INFO - 第四步：分析股票
2026-05-13 14:59:24,897 - utils.logger - INFO - 第五步：AI增强分析
2026-05-13 14:59:33,640 - httpx - INFO - HTTP Request: POST https://dashscope.aliyuncs.com/compatible-mode/v1/chat/completions "HTTP/1.1 200 OK"
2026-05-13 14:59:41,481 - httpx - INFO - HTTP Request: POST https://dashscope.aliyuncs.com/compatible-mode/v1/chat/completions "HTTP/1.1 200 OK"
2026-05-13 15:00:01,396 - httpx - INFO - HTTP Request: POST https://dashscope.aliyuncs.com/compatible-mode/v1/chat/completions "HTTP/1.1 200 OK"
2026-05-13 15:00:11,306 - httpx - INFO - HTTP Request: POST https://dashscope.aliyuncs.com/compatible-mode/v1/chat/completions "HTTP/1.1 200 OK"
2026-05-13 15:00:28,972 - httpx - INFO - HTTP Request: POST https://dashscope.aliyuncs.com/compatible-mode/v1/chat/completions "HTTP/1.1 200 OK"
2026-05-13 15:00:37,805 - httpx - INFO - HTTP Request: POST https://dashscope.aliyuncs.com/compatible-mode/v1/chat/completions "HTTP/1.1 200 OK"
2026-05-13 15:00:47,937 - httpx - INFO - HTTP Request: POST https://dashscope.aliyuncs.com/compatible-mode/v1/chat/completions "HTTP/1.1 200 OK"
2026-05-13 15:00:57,055 - httpx - INFO - HTTP Request: POST https://dashscope.aliyuncs.com/compatible-mode/v1/chat/completions "HTTP/1.1 200 OK"
2026-05-13 15:01:23,976 - httpx - INFO - HTTP Request: POST https://dashscope.aliyuncs.com/compatible-mode/v1/chat/completions "HTTP/1.1 200 OK"
2026-05-13 15:01:30,614 - httpx - INFO - HTTP Request: POST https://dashscope.aliyuncs.com/compatible-mode/v1/chat/completions "HTTP/1.1 200 OK"
2026-05-13 15:01:48,384 - httpx - INFO - HTTP Request: POST https://dashscope.aliyuncs.com/compatible-mode/v1/chat/completions "HTTP/1.1 200 OK"
2026-05-13 15:02:01,576 - httpx - INFO - HTTP Request: POST https://dashscope.aliyuncs.com/compatible-mode/v1/chat/completions "HTTP/1.1 200 OK"
2026-05-13 15:02:01,581 - utils.logger - INFO - 第六步：生成报告
2026-05-13 15:02:01,592 - utils.logger - INFO - 第七步：转换为PNG和PDF
2026-05-13 15:02:01,939 - utils.logger - INFO - 第八步：发送邮件
2026-05-13 15:02:03,511 - utils.logger - INFO - 每日选股分析任务完成
2026-05-13 15:05:19,344 - utils.logger - INFO - 开始执行每日选股分析任务
2026-05-13 15:05:19,344 - utils.logger - INFO - 第一步：获取权威时间
2026-05-13 15:05:19,765 - utils.logger - INFO - 第二步：获取市场数据
2026-05-13 15:05:32,173 - utils.logger - INFO - 第三步：处理数据
2026-05-13 15:05:32,173 - utils.logger - INFO - 第四步：分析股票
2026-05-13 15:05:39,112 - utils.logger - INFO - 第五步：AI增强分析
2026-05-13 15:05:55,110 - httpx - INFO - HTTP Request: POST https://dashscope.aliyuncs.com/compatible-mode/v1/chat/completions "HTTP/1.1 200 OK"
2026-05-13 15:06:09,937 - httpx - INFO - HTTP Request: POST https://dashscope.aliyuncs.com/compatible-mode/v1/chat/completions "HTTP/1.1 200 OK"
2026-05-13 15:06:27,673 - httpx - INFO - HTTP Request: POST https://dashscope.aliyuncs.com/compatible-mode/v1/chat/completions "HTTP/1.1 200 OK"
2026-05-13 15:06:44,607 - httpx - INFO - HTTP Request: POST https://dashscope.aliyuncs.com/compatible-mode/v1/chat/completions "HTTP/1.1 200 OK"
2026-05-13 15:06:53,801 - httpx - INFO - HTTP Request: POST https://dashscope.aliyuncs.com/compatible-mode/v1/chat/completions "HTTP/1.1 200 OK"
2026-05-13 15:07:05,166 - httpx - INFO - HTTP Request: POST https://dashscope.aliyuncs.com/compatible-mode/v1/chat/completions "HTTP/1.1 200 OK"
2026-05-13 15:07:20,763 - httpx - INFO - HTTP Request: POST https://dashscope.aliyuncs.com/compatible-mode/v1/chat/completions "HTTP/1.1 200 OK"
2026-05-13 15:07:29,063 - httpx - INFO - HTTP Request: POST https://dashscope.aliyuncs.com/compatible-mode/v1/chat/completions "HTTP/1.1 200 OK"
2026-05-13 15:07:41,618 - httpx - INFO - HTTP Request: POST https://dashscope.aliyuncs.com/compatible-mode/v1/chat/completions "HTTP/1.1 200 OK"
2026-05-13 15:07:49,620 - httpx - INFO - HTTP Request: POST https://dashscope.aliyuncs.com/compatible-mode/v1/chat/completions "HTTP/1.1 200 OK"
2026-05-13 15:08:01,970 - httpx - INFO - HTTP Request: POST https://dashscope.aliyuncs.com/compatible-mode/v1/chat/completions "HTTP/1.1 200 OK"
2026-05-13 15:08:07,742 - httpx - INFO - HTTP Request: POST https://dashscope.aliyuncs.com/compatible-mode/v1/chat/completions "HTTP/1.1 200 OK"
2026-05-13 15:08:07,742 - utils.logger - INFO - 第六步：生成报告
2026-05-13 15:08:07,746 - utils.logger - INFO - 第七步：转换为PNG和PDF
2026-05-13 15:08:08,107 - utils.logger - INFO - 第八步：发送邮件
2026-05-13 15:08:09,810 - utils.logger - INFO - 每日选股分析任务完成
2026-05-13 15:21:50,713 - utils.logger - INFO - 开始执行每日选股分析任务
2026-05-13 15:21:50,715 - utils.logger - INFO - 第一步：获取权威时间
2026-05-13 15:21:52,652 - utils.logger - INFO - 第二步：获取市场数据
2026-05-13 15:22:05,119 - utils.logger - INFO - 第三步：处理数据
2026-05-13 15:22:05,119 - utils.logger - INFO - 第四步：分析股票
2026-05-13 15:22:12,485 - utils.logger - INFO - 第五步：AI增强分析
2026-05-13 15:22:24,342 - httpx - INFO - HTTP Request: POST https://dashscope.aliyuncs.com/compatible-mode/v1/chat/completions "HTTP/1.1 200 OK"
2026-05-13 15:22:40,534 - httpx - INFO - HTTP Request: POST https://dashscope.aliyuncs.com/compatible-mode/v1/chat/completions "HTTP/1.1 200 OK"
2026-05-13 15:22:59,726 - httpx - INFO - HTTP Request: POST https://dashscope.aliyuncs.com/compatible-mode/v1/chat/completions "HTTP/1.1 200 OK"
2026-05-13 15:23:10,613 - httpx - INFO - HTTP Request: POST https://dashscope.aliyuncs.com/compatible-mode/v1/chat/completions "HTTP/1.1 200 OK"
2026-05-13 15:23:20,705 - httpx - INFO - HTTP Request: POST https://dashscope.aliyuncs.com/compatible-mode/v1/chat/completions "HTTP/1.1 200 OK"
2026-05-13 15:23:31,759 - httpx - INFO - HTTP Request: POST https://dashscope.aliyuncs.com/compatible-mode/v1/chat/completions "HTTP/1.1 200 OK"
2026-05-13 15:23:42,652 - httpx - INFO - HTTP Request: POST https://dashscope.aliyuncs.com/compatible-mode/v1/chat/completions "HTTP/1.1 200 OK"
2026-05-13 15:23:56,386 - httpx - INFO - HTTP Request: POST https://dashscope.aliyuncs.com/compatible-mode/v1/chat/completions "HTTP/1.1 200 OK"
2026-05-13 15:24:06,025 - httpx - INFO - HTTP Request: POST https://dashscope.aliyuncs.com/compatible-mode/v1/chat/completions "HTTP/1.1 200 OK"
2026-05-13 15:24:21,082 - httpx - INFO - HTTP Request: POST https://dashscope.aliyuncs.com/compatible-mode/v1/chat/completions "HTTP/1.1 200 OK"
2026-05-13 15:24:31,572 - httpx - INFO - HTTP Request: POST https://dashscope.aliyuncs.com/compatible-mode/v1/chat/completions "HTTP/1.1 200 OK"
2026-05-13 15:24:42,631 - httpx - INFO - HTTP Request: POST https://dashscope.aliyuncs.com/compatible-mode/v1/chat/completions "HTTP/1.1 200 OK"
2026-05-13 15:24:42,633 - utils.logger - INFO - 第六步：生成报告
2026-05-13 15:24:42,649 - utils.logger - INFO - 第七步：转换为PNG和PDF
2026-05-13 15:24:43,127 - utils.logger - INFO - 第八步：发送邮件
2026-05-13 15:24:44,916 - utils.logger - INFO - 每日选股分析任务完成
2026-05-13 15:30:30,392 - utils.logger - INFO - 开始执行每日选股分析任务
2026-05-13 15:30:30,395 - utils.logger - INFO - 第一步：获取权威时间
2026-05-13 15:30:30,923 - utils.logger - INFO - 第二步：获取市场数据
2026-05-13 15:30:42,949 - utils.logger - INFO - 第三步：处理数据
2026-05-13 15:30:42,950 - utils.logger - INFO - 第四步：分析股票
2026-05-13 15:30:51,829 - utils.logger - INFO - 第五步：AI增强分析
2026-05-13 15:30:58,895 - httpx - INFO - HTTP Request: POST https://dashscope.aliyuncs.com/compatible-mode/v1/chat/completions "HTTP/1.1 200 OK"
2026-05-13 15:31:07,751 - httpx - INFO - HTTP Request: POST https://dashscope.aliyuncs.com/compatible-mode/v1/chat/completions "HTTP/1.1 200 OK"
2026-05-13 15:31:16,642 - httpx - INFO - HTTP Request: POST https://dashscope.aliyuncs.com/compatible-mode/v1/chat/completions "HTTP/1.1 200 OK"
2026-05-13 15:31:30,517 - httpx - INFO - HTTP Request: POST https://dashscope.aliyuncs.com/compatible-mode/v1/chat/completions "HTTP/1.1 200 OK"
2026-05-13 15:31:45,180 - httpx - INFO - HTTP Request: POST https://dashscope.aliyuncs.com/compatible-mode/v1/chat/completions "HTTP/1.1 200 OK"
2026-05-13 15:31:55,207 - httpx - INFO - HTTP Request: POST https://dashscope.aliyuncs.com/compatible-mode/v1/chat/completions "HTTP/1.1 200 OK"
2026-05-13 15:32:09,234 - httpx - INFO - HTTP Request: POST https://dashscope.aliyuncs.com/compatible-mode/v1/chat/completions "HTTP/1.1 200 OK"
2026-05-13 15:32:24,744 - httpx - INFO - HTTP Request: POST https://dashscope.aliyuncs.com/compatible-mode/v1/chat/completions "HTTP/1.1 200 OK"
2026-05-13 15:32:38,391 - httpx - INFO - HTTP Request: POST https://dashscope.aliyuncs.com/compatible-mode/v1/chat/completions "HTTP/1.1 200 OK"
2026-05-13 15:32:51,508 - httpx - INFO - HTTP Request: POST https://dashscope.aliyuncs.com/compatible-mode/v1/chat/completions "HTTP/1.1 200 OK"
2026-05-13 15:33:00,825 - httpx - INFO - HTTP Request: POST https://dashscope.aliyuncs.com/compatible-mode/v1/chat/completions "HTTP/1.1 200 OK"
2026-05-13 15:33:11,994 - httpx - INFO - HTTP Request: POST https://dashscope.aliyuncs.com/compatible-mode/v1/chat/completions "HTTP/1.1 200 OK"
2026-05-13 15:33:29,268 - httpx - INFO - HTTP Request: POST https://dashscope.aliyuncs.com/compatible-mode/v1/chat/completions "HTTP/1.1 200 OK"
2026-05-13 15:33:36,307 - httpx - INFO - HTTP Request: POST https://dashscope.aliyuncs.com/compatible-mode/v1/chat/completions "HTTP/1.1 200 OK"
2026-05-13 15:33:44,641 - httpx - INFO - HTTP Request: POST https://dashscope.aliyuncs.com/compatible-mode/v1/chat/completions "HTTP/1.1 200 OK"
2026-05-13 15:33:44,645 - utils.logger - INFO - 第六步：生成报告
2026-05-13 15:33:44,665 - utils.logger - INFO - 第七步：转换为PNG和PDF
2026-05-13 15:33:45,190 - utils.logger - INFO - 第八步：发送邮件
2026-05-13 15:33:46,874 - utils.logger - INFO - 每日选股分析任务完成
2026-05-13 15:58:33,406 - utils.logger - INFO - 开始执行每日选股分析任务
2026-05-13 15:58:33,408 - utils.logger - INFO - 第一步：获取权威时间
2026-05-13 15:58:33,809 - utils.logger - INFO - 第二步：获取市场数据
2026-05-13 15:58:46,152 - utils.logger - INFO - 第三步：处理数据
2026-05-13 15:58:46,152 - utils.logger - INFO - 第四步：分析股票
2026-05-13 15:58:53,572 - utils.logger - INFO - 第五步：AI增强分析
2026-05-13 15:59:06,092 - httpx - INFO - HTTP Request: POST https://dashscope.aliyuncs.com/compatible-mode/v1/chat/completions "HTTP/1.1 200 OK"
2026-05-13 15:59:14,553 - httpx - INFO - HTTP Request: POST https://dashscope.aliyuncs.com/compatible-mode/v1/chat/completions "HTTP/1.1 200 OK"
2026-05-13 15:59:25,328 - httpx - INFO - HTTP Request: POST https://dashscope.aliyuncs.com/compatible-mode/v1/chat/completions "HTTP/1.1 200 OK"
2026-05-13 15:59:36,110 - httpx - INFO - HTTP Request: POST https://dashscope.aliyuncs.com/compatible-mode/v1/chat/completions "HTTP/1.1 200 OK"
2026-05-13 15:59:49,614 - httpx - INFO - HTTP Request: POST https://dashscope.aliyuncs.com/compatible-mode/v1/chat/completions "HTTP/1.1 200 OK"
2026-05-13 16:00:03,621 - httpx - INFO - HTTP Request: POST https://dashscope.aliyuncs.com/compatible-mode/v1/chat/completions "HTTP/1.1 200 OK"
2026-05-13 16:00:12,925 - httpx - INFO - HTTP Request: POST https://dashscope.aliyuncs.com/compatible-mode/v1/chat/completions "HTTP/1.1 200 OK"
2026-05-13 16:00:19,132 - httpx - INFO - HTTP Request: POST https://dashscope.aliyuncs.com/compatible-mode/v1/chat/completions "HTTP/1.1 200 OK"
2026-05-13 16:00:29,800 - httpx - INFO - HTTP Request: POST https://dashscope.aliyuncs.com/compatible-mode/v1/chat/completions "HTTP/1.1 200 OK"
2026-05-13 16:00:43,075 - httpx - INFO - HTTP Request: POST https://dashscope.aliyuncs.com/compatible-mode/v1/chat/completions "HTTP/1.1 200 OK"
2026-05-13 16:00:49,267 - httpx - INFO - HTTP Request: POST https://dashscope.aliyuncs.com/compatible-mode/v1/chat/completions "HTTP/1.1 200 OK"
2026-05-13 16:00:58,757 - httpx - INFO - HTTP Request: POST https://dashscope.aliyuncs.com/compatible-mode/v1/chat/completions "HTTP/1.1 200 OK"
2026-05-13 16:01:15,353 - httpx - INFO - HTTP Request: POST https://dashscope.aliyuncs.com/compatible-mode/v1/chat/completions "HTTP/1.1 200 OK"
2026-05-13 16:01:23,785 - httpx - INFO - HTTP Request: POST https://dashscope.aliyuncs.com/compatible-mode/v1/chat/completions "HTTP/1.1 200 OK"
2026-05-13 16:01:35,274 - httpx - INFO - HTTP Request: POST https://dashscope.aliyuncs.com/compatible-mode/v1/chat/completions "HTTP/1.1 200 OK"
2026-05-13 16:01:35,275 - utils.logger - INFO - 第六步：生成报告
2026-05-13 16:01:35,291 - utils.logger - INFO - 第七步：转换为PNG和PDF
2026-05-13 16:01:35,656 - utils.logger - INFO - 第八步：发送邮件
2026-05-13 16:01:38,859 - utils.logger - INFO - 每日选股分析任务完成
2026-05-13 16:09:16,347 - utils.logger - INFO - 开始执行每日选股分析任务
2026-05-13 16:09:16,347 - utils.logger - INFO - 第一步：获取权威时间
2026-05-13 16:09:16,783 - utils.logger - INFO - 第二步：获取市场数据
2026-05-13 16:09:35,299 - utils.logger - INFO - 第三步：处理数据
2026-05-13 16:09:35,299 - utils.logger - INFO - 第四步：分析股票
2026-05-13 16:09:41,859 - utils.logger - INFO - 第五步：AI增强分析
2026-05-13 16:09:50,585 - httpx - INFO - HTTP Request: POST https://dashscope.aliyuncs.com/compatible-mode/v1/chat/completions "HTTP/1.1 200 OK"
2026-05-13 16:10:01,435 - httpx - INFO - HTTP Request: POST https://dashscope.aliyuncs.com/compatible-mode/v1/chat/completions "HTTP/1.1 200 OK"
2026-05-13 16:10:10,789 - httpx - INFO - HTTP Request: POST https://dashscope.aliyuncs.com/compatible-mode/v1/chat/completions "HTTP/1.1 200 OK"
2026-05-13 16:10:28,869 - httpx - INFO - HTTP Request: POST https://dashscope.aliyuncs.com/compatible-mode/v1/chat/completions "HTTP/1.1 200 OK"
2026-05-13 16:10:45,058 - httpx - INFO - HTTP Request: POST https://dashscope.aliyuncs.com/compatible-mode/v1/chat/completions "HTTP/1.1 200 OK"
2026-05-13 16:10:58,589 - httpx - INFO - HTTP Request: POST https://dashscope.aliyuncs.com/compatible-mode/v1/chat/completions "HTTP/1.1 200 OK"
2026-05-13 16:11:10,247 - httpx - INFO - HTTP Request: POST https://dashscope.aliyuncs.com/compatible-mode/v1/chat/completions "HTTP/1.1 200 OK"
2026-05-13 16:11:18,791 - httpx - INFO - HTTP Request: POST https://dashscope.aliyuncs.com/compatible-mode/v1/chat/completions "HTTP/1.1 200 OK"
2026-05-13 16:11:33,359 - httpx - INFO - HTTP Request: POST https://dashscope.aliyuncs.com/compatible-mode/v1/chat/completions "HTTP/1.1 200 OK"
2026-05-13 16:11:48,043 - httpx - INFO - HTTP Request: POST https://dashscope.aliyuncs.com/compatible-mode/v1/chat/completions "HTTP/1.1 200 OK"
2026-05-13 16:12:00,788 - httpx - INFO - HTTP Request: POST https://dashscope.aliyuncs.com/compatible-mode/v1/chat/completions "HTTP/1.1 200 OK"
2026-05-13 16:12:19,701 - httpx - INFO - HTTP Request: POST https://dashscope.aliyuncs.com/compatible-mode/v1/chat/completions "HTTP/1.1 200 OK"
2026-05-13 16:12:30,605 - httpx - INFO - HTTP Request: POST https://dashscope.aliyuncs.com/compatible-mode/v1/chat/completions "HTTP/1.1 200 OK"
2026-05-13 16:12:44,100 - httpx - INFO - HTTP Request: POST https://dashscope.aliyuncs.com/compatible-mode/v1/chat/completions "HTTP/1.1 200 OK"
2026-05-13 16:12:51,803 - httpx - INFO - HTTP Request: POST https://dashscope.aliyuncs.com/compatible-mode/v1/chat/completions "HTTP/1.1 200 OK"
2026-05-13 16:12:51,805 - utils.logger - INFO - 第六步：生成报告
2026-05-13 16:12:51,820 - utils.logger - INFO - 第七步：转换为PNG和PDF
2026-05-13 16:12:52,307 - utils.logger - INFO - 第八步：发送邮件
2026-05-13 16:12:55,717 - utils.logger - INFO - 每日选股分析任务完成
2026-05-13 16:27:00,497 - utils.logger - INFO - 开始执行每日选股分析任务
2026-05-13 16:27:00,500 - utils.logger - INFO - 第一步：获取权威时间
2026-05-13 16:27:01,019 - utils.logger - INFO - 第二步：获取市场数据
2026-05-13 16:27:20,085 - utils.logger - INFO - 第三步：处理数据
2026-05-13 16:27:20,085 - utils.logger - INFO - 第四步：分析股票
2026-05-13 16:27:41,304 - utils.logger - INFO - 第五步：AI增强分析
2026-05-13 16:27:56,225 - httpx - INFO - HTTP Request: POST https://dashscope.aliyuncs.com/compatible-mode/v1/chat/completions "HTTP/1.1 200 OK"
2026-05-13 16:28:05,680 - httpx - INFO - HTTP Request: POST https://dashscope.aliyuncs.com/compatible-mode/v1/chat/completions "HTTP/1.1 200 OK"
2026-05-13 16:28:13,694 - httpx - INFO - HTTP Request: POST https://dashscope.aliyuncs.com/compatible-mode/v1/chat/completions "HTTP/1.1 200 OK"
2026-05-13 16:28:25,447 - httpx - INFO - HTTP Request: POST https://dashscope.aliyuncs.com/compatible-mode/v1/chat/completions "HTTP/1.1 200 OK"
2026-05-13 16:28:36,500 - httpx - INFO - HTTP Request: POST https://dashscope.aliyuncs.com/compatible-mode/v1/chat/completions "HTTP/1.1 200 OK"
2026-05-13 16:28:46,352 - httpx - INFO - HTTP Request: POST https://dashscope.aliyuncs.com/compatible-mode/v1/chat/completions "HTTP/1.1 200 OK"
2026-05-13 16:28:58,888 - httpx - INFO - HTTP Request: POST https://dashscope.aliyuncs.com/compatible-mode/v1/chat/completions "HTTP/1.1 200 OK"
2026-05-13 16:29:13,186 - httpx - INFO - HTTP Request: POST https://dashscope.aliyuncs.com/compatible-mode/v1/chat/completions "HTTP/1.1 200 OK"
2026-05-13 16:29:26,923 - httpx - INFO - HTTP Request: POST https://dashscope.aliyuncs.com/compatible-mode/v1/chat/completions "HTTP/1.1 200 OK"
2026-05-13 16:29:44,190 - httpx - INFO - HTTP Request: POST https://dashscope.aliyuncs.com/compatible-mode/v1/chat/completions "HTTP/1.1 200 OK"
2026-05-13 16:29:57,350 - httpx - INFO - HTTP Request: POST https://dashscope.aliyuncs.com/compatible-mode/v1/chat/completions "HTTP/1.1 200 OK"
2026-05-13 16:30:16,406 - httpx - INFO - HTTP Request: POST https://dashscope.aliyuncs.com/compatible-mode/v1/chat/completions "HTTP/1.1 200 OK"
2026-05-13 16:30:29,485 - httpx - INFO - HTTP Request: POST https://dashscope.aliyuncs.com/compatible-mode/v1/chat/completions "HTTP/1.1 200 OK"
2026-05-13 16:30:45,522 - httpx - INFO - HTTP Request: POST https://dashscope.aliyuncs.com/compatible-mode/v1/chat/completions "HTTP/1.1 200 OK"
2026-05-13 16:30:54,992 - httpx - INFO - HTTP Request: POST https://dashscope.aliyuncs.com/compatible-mode/v1/chat/completions "HTTP/1.1 200 OK"
2026-05-13 16:30:54,994 - utils.logger - INFO - 第六步：生成报告
2026-05-13 16:30:55,009 - utils.logger - INFO - 第七步：转换为PNG和PDF
2026-05-13 16:30:55,518 - utils.logger - INFO - 第八步：发送邮件
2026-05-13 16:30:58,511 - utils.logger - INFO - 每日选股分析任务完成
2026-05-13 16:44:00,899 - utils.logger - INFO - 开始执行每日选股分析任务
2026-05-13 16:44:00,899 - utils.logger - INFO - 第一步：获取权威时间
2026-05-13 16:44:01,329 - utils.logger - INFO - 第二步：获取市场数据
2026-05-13 16:44:35,035 - utils.logger - INFO - 第三步：处理数据
2026-05-13 16:44:35,035 - utils.logger - INFO - 第四步：分析股票
2026-05-13 16:44:41,554 - utils.logger - INFO - 第五步：AI增强分析
2026-05-13 16:44:49,172 - httpx - INFO - HTTP Request: POST https://dashscope.aliyuncs.com/compatible-mode/v1/chat/completions "HTTP/1.1 200 OK"
2026-05-13 16:44:54,705 - httpx - INFO - HTTP Request: POST https://dashscope.aliyuncs.com/compatible-mode/v1/chat/completions "HTTP/1.1 200 OK"
2026-05-13 16:45:04,239 - httpx - INFO - HTTP Request: POST https://dashscope.aliyuncs.com/compatible-mode/v1/chat/completions "HTTP/1.1 200 OK"
2026-05-13 16:45:15,092 - httpx - INFO - HTTP Request: POST https://dashscope.aliyuncs.com/compatible-mode/v1/chat/completions "HTTP/1.1 200 OK"
2026-05-13 16:45:27,352 - httpx - INFO - HTTP Request: POST https://dashscope.aliyuncs.com/compatible-mode/v1/chat/completions "HTTP/1.1 200 OK"
2026-05-13 16:45:44,052 - httpx - INFO - HTTP Request: POST https://dashscope.aliyuncs.com/compatible-mode/v1/chat/completions "HTTP/1.1 200 OK"
2026-05-13 16:45:57,125 - httpx - INFO - HTTP Request: POST https://dashscope.aliyuncs.com/compatible-mode/v1/chat/completions "HTTP/1.1 200 OK"
2026-05-13 16:46:11,770 - httpx - INFO - HTTP Request: POST https://dashscope.aliyuncs.com/compatible-mode/v1/chat/completions "HTTP/1.1 200 OK"
2026-05-13 16:46:23,845 - httpx - INFO - HTTP Request: POST https://dashscope.aliyuncs.com/compatible-mode/v1/chat/completions "HTTP/1.1 200 OK"
2026-05-13 16:46:35,606 - httpx - INFO - HTTP Request: POST https://dashscope.aliyuncs.com/compatible-mode/v1/chat/completions "HTTP/1.1 200 OK"
2026-05-13 16:46:46,720 - httpx - INFO - HTTP Request: POST https://dashscope.aliyuncs.com/compatible-mode/v1/chat/completions "HTTP/1.1 200 OK"
2026-05-13 16:46:56,301 - httpx - INFO - HTTP Request: POST https://dashscope.aliyuncs.com/compatible-mode/v1/chat/completions "HTTP/1.1 200 OK"
2026-05-13 16:47:09,582 - httpx - INFO - HTTP Request: POST https://dashscope.aliyuncs.com/compatible-mode/v1/chat/completions "HTTP/1.1 200 OK"
2026-05-13 16:47:22,067 - httpx - INFO - HTTP Request: POST https://dashscope.aliyuncs.com/compatible-mode/v1/chat/completions "HTTP/1.1 200 OK"
2026-05-13 16:47:29,833 - httpx - INFO - HTTP Request: POST https://dashscope.aliyuncs.com/compatible-mode/v1/chat/completions "HTTP/1.1 200 OK"
2026-05-13 16:47:29,833 - utils.logger - INFO - 第六步：生成报告
2026-05-13 16:47:29,837 - utils.logger - INFO - 第七步：转换为PNG和PDF
2026-05-13 16:47:30,356 - utils.logger - INFO - 第八步：发送邮件
2026-05-13 16:47:33,480 - utils.logger - INFO - 每日选股分析任务完成
2026-05-13 17:41:41,034 - utils.logger - INFO - 开始执行每日选股分析任务
2026-05-13 17:41:41,036 - utils.logger - INFO - 第一步：获取权威时间
2026-05-13 17:41:41,509 - utils.logger - INFO - 第二步：获取市场数据
2026-05-13 17:42:00,833 - utils.logger - INFO - 第三步：处理数据
2026-05-13 17:42:00,833 - utils.logger - INFO - 第四步：分析股票
2026-05-13 17:42:07,827 - utils.logger - INFO - 第五步：AI增强分析
2026-05-13 17:42:07,827 - utils.logger - INFO - 第六步：生成报告
2026-05-13 17:42:07,832 - utils.logger - INFO - 第七步：转换为PNG和PDF
2026-05-13 17:42:08,040 - utils.logger - INFO - 第八步：发送邮件
2026-05-13 17:42:09,557 - utils.logger - INFO - 每日选股分析任务完成
2026-05-13 17:53:49,929 - utils.logger - INFO - 开始执行每日选股分析任务
2026-05-13 17:53:49,929 - utils.logger - INFO - 第一步：获取权威时间
2026-05-13 17:53:50,368 - utils.logger - INFO - 第二步：获取市场数据
2026-05-13 17:54:09,654 - utils.logger - INFO - 第三步：处理数据
2026-05-13 17:54:09,654 - utils.logger - INFO - 第四步：分析股票
2026-05-13 17:54:16,578 - utils.logger - INFO - 第五步：AI增强分析
2026-05-13 17:54:16,578 - utils.logger - INFO - 第六步：生成报告
2026-05-13 17:54:16,582 - utils.logger - INFO - 第七步：转换为PNG和PDF
2026-05-13 17:54:16,694 - utils.logger - INFO - 第八步：发送邮件
2026-05-13 17:54:18,200 - utils.logger - INFO - 每日选股分析任务完成
2026-05-13 18:03:35,367 - utils.logger - INFO - 开始执行每日选股分析任务
2026-05-13 18:03:35,367 - utils.logger - INFO - 第一步：获取权威时间
2026-05-13 18:03:35,840 - utils.logger - INFO - 第二步：获取市场数据
2026-05-13 18:03:54,990 - utils.logger - INFO - 第三步：处理数据
2026-05-13 18:03:54,991 - utils.logger - INFO - 第四步：分析股票
2026-05-13 18:04:01,956 - utils.logger - INFO - 第五步：AI增强分析
2026-05-13 18:04:01,956 - utils.logger - INFO - 第六步：生成报告
2026-05-13 18:04:01,961 - utils.logger - INFO - 第七步：转换为PNG和PDF
2026-05-13 18:04:02,083 - utils.logger - INFO - 第八步：发送邮件
2026-05-13 18:04:03,348 - utils.logger - INFO - 每日选股分析任务完成
2026-05-13 18:06:52,183 - utils.logger - INFO - 开始执行每日选股分析任务
2026-05-13 18:06:52,184 - utils.logger - INFO - 第一步：获取权威时间
2026-05-13 18:06:52,636 - utils.logger - INFO - 第二步：获取市场数据
2026-05-13 18:07:06,747 - utils.logger - INFO - 第三步：处理数据
2026-05-13 18:07:06,747 - utils.logger - INFO - 第四步：分析股票
2026-05-13 18:07:13,884 - utils.logger - INFO - 第五步：AI增强分析
2026-05-13 18:07:13,884 - utils.logger - INFO - 第六步：生成报告
2026-05-13 18:07:13,888 - utils.logger - INFO - 第七步：转换为PNG和PDF
2026-05-13 18:07:13,997 - utils.logger - INFO - 第八步：发送邮件
2026-05-13 18:07:15,213 - utils.logger - INFO - 每日选股分析任务完成
2026-05-13 18:37:49,281 - utils.logger - INFO - 开始执行每日选股分析任务
2026-05-13 18:37:49,282 - utils.logger - INFO - 第一步：获取权威时间
2026-05-13 18:37:49,738 - utils.logger - INFO - 第二步：获取市场数据
2026-05-13 18:38:04,834 - utils.logger - INFO - 第三步：处理数据
2026-05-13 18:38:04,834 - utils.logger - INFO - 第四步：分析股票
2026-05-13 18:38:11,868 - utils.logger - INFO - 第五步：AI增强分析
2026-05-13 18:38:11,868 - utils.logger - INFO - 第六步：生成报告
2026-05-13 18:38:11,883 - utils.logger - INFO - 第七步：转换为PNG和PDF
2026-05-13 18:38:12,192 - utils.logger - INFO - 第八步：发送邮件
2026-05-13 18:38:13,536 - utils.logger - INFO - 每日选股分析任务完成
2026-05-13 18:41:41,008 - utils.logger - INFO - 开始执行每日选股分析任务
2026-05-13 18:41:41,009 - utils.logger - INFO - 第一步：获取权威时间
2026-05-13 18:41:41,483 - utils.logger - INFO - 第二步：获取市场数据
2026-05-13 18:41:55,450 - utils.logger - INFO - 第三步：处理数据
2026-05-13 18:41:55,450 - utils.logger - INFO - 第四步：分析股票
2026-05-13 18:42:01,660 - utils.logger - INFO - 第五步：AI增强分析
2026-05-13 18:42:11,530 - httpx - INFO - HTTP Request: POST https://dashscope.aliyuncs.com/compatible-mode/v1/chat/completions "HTTP/1.1 200 OK"
2026-05-13 18:42:20,466 - httpx - INFO - HTTP Request: POST https://dashscope.aliyuncs.com/compatible-mode/v1/chat/completions "HTTP/1.1 200 OK"
2026-05-13 18:42:27,673 - httpx - INFO - HTTP Request: POST https://dashscope.aliyuncs.com/compatible-mode/v1/chat/completions "HTTP/1.1 200 OK"
2026-05-13 18:42:32,368 - httpx - INFO - HTTP Request: POST https://dashscope.aliyuncs.com/compatible-mode/v1/chat/completions "HTTP/1.1 200 OK"
2026-05-13 18:42:40,819 - httpx - INFO - HTTP Request: POST https://dashscope.aliyuncs.com/compatible-mode/v1/chat/completions "HTTP/1.1 200 OK"
2026-05-13 18:42:46,671 - httpx - INFO - HTTP Request: POST https://dashscope.aliyuncs.com/compatible-mode/v1/chat/completions "HTTP/1.1 200 OK"
2026-05-13 18:42:53,955 - httpx - INFO - HTTP Request: POST https://dashscope.aliyuncs.com/compatible-mode/v1/chat/completions "HTTP/1.1 200 OK"
2026-05-13 18:43:00,903 - httpx - INFO - HTTP Request: POST https://dashscope.aliyuncs.com/compatible-mode/v1/chat/completions "HTTP/1.1 200 OK"
2026-05-13 18:43:05,717 - httpx - INFO - HTTP Request: POST https://dashscope.aliyuncs.com/compatible-mode/v1/chat/completions "HTTP/1.1 200 OK"
2026-05-13 18:43:10,938 - httpx - INFO - HTTP Request: POST https://dashscope.aliyuncs.com/compatible-mode/v1/chat/completions "HTTP/1.1 200 OK"
2026-05-13 18:43:20,546 - httpx - INFO - HTTP Request: POST https://dashscope.aliyuncs.com/compatible-mode/v1/chat/completions "HTTP/1.1 200 OK"
2026-05-13 18:43:31,275 - httpx - INFO - HTTP Request: POST https://dashscope.aliyuncs.com/compatible-mode/v1/chat/completions "HTTP/1.1 200 OK"
2026-05-13 18:43:47,294 - httpx - INFO - HTTP Request: POST https://dashscope.aliyuncs.com/compatible-mode/v1/chat/completions "HTTP/1.1 200 OK"
2026-05-13 18:43:53,743 - httpx - INFO - HTTP Request: POST https://dashscope.aliyuncs.com/compatible-mode/v1/chat/completions "HTTP/1.1 200 OK"
2026-05-13 18:44:01,563 - httpx - INFO - HTTP Request: POST https://dashscope.aliyuncs.com/compatible-mode/v1/chat/completions "HTTP/1.1 200 OK"
2026-05-13 18:44:17,059 - httpx - INFO - HTTP Request: POST https://dashscope.aliyuncs.com/compatible-mode/v1/chat/completions "HTTP/1.1 200 OK"
2026-05-13 18:44:32,706 - httpx - INFO - HTTP Request: POST https://dashscope.aliyuncs.com/compatible-mode/v1/chat/completions "HTTP/1.1 200 OK"
2026-05-13 18:44:43,353 - httpx - INFO - HTTP Request: POST https://dashscope.aliyuncs.com/compatible-mode/v1/chat/completions "HTTP/1.1 200 OK"
2026-05-13 18:44:57,729 - httpx - INFO - HTTP Request: POST https://dashscope.aliyuncs.com/compatible-mode/v1/chat/completions "HTTP/1.1 200 OK"
2026-05-13 18:45:08,221 - httpx - INFO - HTTP Request: POST https://dashscope.aliyuncs.com/compatible-mode/v1/chat/completions "HTTP/1.1 200 OK"
2026-05-13 18:45:25,226 - httpx - INFO - HTTP Request: POST https://dashscope.aliyuncs.com/compatible-mode/v1/chat/completions "HTTP/1.1 200 OK"
2026-05-13 18:45:36,447 - httpx - INFO - HTTP Request: POST https://dashscope.aliyuncs.com/compatible-mode/v1/chat/completions "HTTP/1.1 200 OK"
2026-05-13 18:45:36,448 - utils.logger - INFO - 第六步：生成报告
2026-05-13 18:45:36,453 - utils.logger - INFO - 第七步：转换为PNG和PDF
2026-05-13 18:45:36,567 - utils.logger - INFO - 第八步：发送邮件
2026-05-13 18:45:37,824 - utils.logger - INFO - 每日选股分析任务完成
2026-05-13 19:00:07,409 - utils.logger - INFO - 开始执行每日选股分析任务
2026-05-13 19:00:07,409 - utils.logger - INFO - 第一步：获取权威时间
2026-05-13 19:00:07,945 - utils.logger - INFO - 第二步：获取市场数据
2026-05-13 19:00:22,191 - utils.logger - INFO - 第三步：处理数据
2026-05-13 19:00:22,192 - utils.logger - INFO - 第四步：分析股票
2026-05-13 19:00:30,508 - utils.logger - INFO - 第五步：AI增强分析
2026-05-13 19:00:36,630 - httpx - INFO - HTTP Request: POST https://dashscope.aliyuncs.com/compatible-mode/v1/chat/completions "HTTP/1.1 200 OK"
2026-05-13 19:00:43,456 - httpx - INFO - HTTP Request: POST https://dashscope.aliyuncs.com/compatible-mode/v1/chat/completions "HTTP/1.1 200 OK"
2026-05-13 19:00:54,172 - httpx - INFO - HTTP Request: POST https://dashscope.aliyuncs.com/compatible-mode/v1/chat/completions "HTTP/1.1 200 OK"
2026-05-13 19:01:02,838 - httpx - INFO - HTTP Request: POST https://dashscope.aliyuncs.com/compatible-mode/v1/chat/completions "HTTP/1.1 200 OK"
2026-05-13 19:01:14,883 - httpx - INFO - HTTP Request: POST https://dashscope.aliyuncs.com/compatible-mode/v1/chat/completions "HTTP/1.1 200 OK"
2026-05-13 19:01:25,728 - httpx - INFO - HTTP Request: POST https://dashscope.aliyuncs.com/compatible-mode/v1/chat/completions "HTTP/1.1 200 OK"
2026-05-13 19:01:35,192 - httpx - INFO - HTTP Request: POST https://dashscope.aliyuncs.com/compatible-mode/v1/chat/completions "HTTP/1.1 200 OK"
2026-05-13 19:01:41,751 - httpx - INFO - HTTP Request: POST https://dashscope.aliyuncs.com/compatible-mode/v1/chat/completions "HTTP/1.1 200 OK"
2026-05-13 19:01:50,623 - httpx - INFO - HTTP Request: POST https://dashscope.aliyuncs.com/compatible-mode/v1/chat/completions "HTTP/1.1 200 OK"
2026-05-13 19:01:57,011 - httpx - INFO - HTTP Request: POST https://dashscope.aliyuncs.com/compatible-mode/v1/chat/completions "HTTP/1.1 200 OK"
2026-05-13 19:02:05,723 - httpx - INFO - HTTP Request: POST https://dashscope.aliyuncs.com/compatible-mode/v1/chat/completions "HTTP/1.1 200 OK"
2026-05-13 19:02:17,108 - httpx - INFO - HTTP Request: POST https://dashscope.aliyuncs.com/compatible-mode/v1/chat/completions "HTTP/1.1 200 OK"
2026-05-13 19:02:26,344 - httpx - INFO - HTTP Request: POST https://dashscope.aliyuncs.com/compatible-mode/v1/chat/completions "HTTP/1.1 200 OK"
2026-05-13 19:02:36,818 - httpx - INFO - HTTP Request: POST https://dashscope.aliyuncs.com/compatible-mode/v1/chat/completions "HTTP/1.1 200 OK"
2026-05-13 19:02:52,050 - httpx - INFO - HTTP Request: POST https://dashscope.aliyuncs.com/compatible-mode/v1/chat/completions "HTTP/1.1 200 OK"
2026-05-13 19:03:01,347 - httpx - INFO - HTTP Request: POST https://dashscope.aliyuncs.com/compatible-mode/v1/chat/completions "HTTP/1.1 200 OK"
2026-05-13 19:03:13,686 - httpx - INFO - HTTP Request: POST https://dashscope.aliyuncs.com/compatible-mode/v1/chat/completions "HTTP/1.1 200 OK"
2026-05-13 19:03:23,563 - httpx - INFO - HTTP Request: POST https://dashscope.aliyuncs.com/compatible-mode/v1/chat/completions "HTTP/1.1 200 OK"
2026-05-13 19:03:35,322 - httpx - INFO - HTTP Request: POST https://dashscope.aliyuncs.com/compatible-mode/v1/chat/completions "HTTP/1.1 200 OK"
2026-05-13 19:03:45,966 - httpx - INFO - HTTP Request: POST https://dashscope.aliyuncs.com/compatible-mode/v1/chat/completions "HTTP/1.1 200 OK"
2026-05-13 19:03:57,430 - httpx - INFO - HTTP Request: POST https://dashscope.aliyuncs.com/compatible-mode/v1/chat/completions "HTTP/1.1 200 OK"
2026-05-13 19:04:02,185 - httpx - INFO - HTTP Request: POST https://dashscope.aliyuncs.com/compatible-mode/v1/chat/completions "HTTP/1.1 200 OK"
2026-05-13 19:04:02,186 - utils.logger - INFO - 第六步：生成报告
2026-05-13 19:04:02,190 - utils.logger - INFO - 第七步：转换为PNG和PDF
2026-05-13 19:04:02,290 - utils.logger - INFO - 第八步：发送邮件
2026-05-13 19:04:03,575 - utils.logger - INFO - 每日选股分析任务完成
2026-05-13 19:13:00,565 - utils.logger - INFO - 开始执行每日选股分析任务
2026-05-13 19:13:00,566 - utils.logger - INFO - 第一步：获取权威时间
2026-05-13 19:13:01,018 - utils.logger - INFO - 第二步：获取市场数据
2026-05-13 19:13:15,216 - utils.logger - INFO - 第三步：处理数据
2026-05-13 19:13:15,216 - utils.logger - INFO - 第四步：分析股票
2026-05-13 19:13:22,201 - utils.logger - INFO - 第五步：AI增强分析
2026-05-13 19:13:31,871 - httpx - INFO - HTTP Request: POST https://dashscope.aliyuncs.com/compatible-mode/v1/chat/completions "HTTP/1.1 200 OK"
2026-05-13 19:13:43,504 - httpx - INFO - HTTP Request: POST https://dashscope.aliyuncs.com/compatible-mode/v1/chat/completions "HTTP/1.1 200 OK"
2026-05-13 19:13:53,499 - httpx - INFO - HTTP Request: POST https://dashscope.aliyuncs.com/compatible-mode/v1/chat/completions "HTTP/1.1 200 OK"
2026-05-13 19:14:03,266 - httpx - INFO - HTTP Request: POST https://dashscope.aliyuncs.com/compatible-mode/v1/chat/completions "HTTP/1.1 200 OK"
2026-05-13 19:14:14,886 - httpx - INFO - HTTP Request: POST https://dashscope.aliyuncs.com/compatible-mode/v1/chat/completions "HTTP/1.1 200 OK"
2026-05-13 19:14:26,049 - httpx - INFO - HTTP Request: POST https://dashscope.aliyuncs.com/compatible-mode/v1/chat/completions "HTTP/1.1 200 OK"
2026-05-13 19:14:30,782 - httpx - INFO - HTTP Request: POST https://dashscope.aliyuncs.com/compatible-mode/v1/chat/completions "HTTP/1.1 200 OK"
2026-05-13 19:14:38,640 - httpx - INFO - HTTP Request: POST https://dashscope.aliyuncs.com/compatible-mode/v1/chat/completions "HTTP/1.1 200 OK"
2026-05-13 19:14:48,512 - httpx - INFO - HTTP Request: POST https://dashscope.aliyuncs.com/compatible-mode/v1/chat/completions "HTTP/1.1 200 OK"
2026-05-13 19:14:57,246 - httpx - INFO - HTTP Request: POST https://dashscope.aliyuncs.com/compatible-mode/v1/chat/completions "HTTP/1.1 200 OK"
2026-05-13 19:15:03,764 - httpx - INFO - HTTP Request: POST https://dashscope.aliyuncs.com/compatible-mode/v1/chat/completions "HTTP/1.1 200 OK"
2026-05-13 19:15:12,150 - httpx - INFO - HTTP Request: POST https://dashscope.aliyuncs.com/compatible-mode/v1/chat/completions "HTTP/1.1 200 OK"
2026-05-13 19:15:21,670 - httpx - INFO - HTTP Request: POST https://dashscope.aliyuncs.com/compatible-mode/v1/chat/completions "HTTP/1.1 200 OK"
2026-05-13 19:15:27,407 - httpx - INFO - HTTP Request: POST https://dashscope.aliyuncs.com/compatible-mode/v1/chat/completions "HTTP/1.1 200 OK"
2026-05-13 19:15:38,254 - httpx - INFO - HTTP Request: POST https://dashscope.aliyuncs.com/compatible-mode/v1/chat/completions "HTTP/1.1 200 OK"
2026-05-13 19:15:45,867 - httpx - INFO - HTTP Request: POST https://dashscope.aliyuncs.com/compatible-mode/v1/chat/completions "HTTP/1.1 200 OK"
2026-05-13 19:15:58,944 - httpx - INFO - HTTP Request: POST https://dashscope.aliyuncs.com/compatible-mode/v1/chat/completions "HTTP/1.1 200 OK"
2026-05-13 19:16:13,103 - httpx - INFO - HTTP Request: POST https://dashscope.aliyuncs.com/compatible-mode/v1/chat/completions "HTTP/1.1 200 OK"
2026-05-13 19:16:25,220 - httpx - INFO - HTTP Request: POST https://dashscope.aliyuncs.com/compatible-mode/v1/chat/completions "HTTP/1.1 200 OK"
2026-05-13 19:16:46,565 - httpx - INFO - HTTP Request: POST https://dashscope.aliyuncs.com/compatible-mode/v1/chat/completions "HTTP/1.1 200 OK"
2026-05-13 19:16:59,157 - httpx - INFO - HTTP Request: POST https://dashscope.aliyuncs.com/compatible-mode/v1/chat/completions "HTTP/1.1 200 OK"
2026-05-13 19:17:14,825 - httpx - INFO - HTTP Request: POST https://dashscope.aliyuncs.com/compatible-mode/v1/chat/completions "HTTP/1.1 200 OK"
2026-05-13 19:17:22,116 - httpx - INFO - HTTP Request: POST https://dashscope.aliyuncs.com/compatible-mode/v1/chat/completions "HTTP/1.1 200 OK"
2026-05-13 19:17:38,464 - httpx - INFO - HTTP Request: POST https://dashscope.aliyuncs.com/compatible-mode/v1/chat/completions "HTTP/1.1 200 OK"
2026-05-13 19:17:50,074 - httpx - INFO - HTTP Request: POST https://dashscope.aliyuncs.com/compatible-mode/v1/chat/completions "HTTP/1.1 200 OK"
2026-05-13 19:18:05,632 - httpx - INFO - HTTP Request: POST https://dashscope.aliyuncs.com/compatible-mode/v1/chat/completions "HTTP/1.1 200 OK"
2026-05-13 19:18:19,587 - httpx - INFO - HTTP Request: POST https://dashscope.aliyuncs.com/compatible-mode/v1/chat/completions "HTTP/1.1 200 OK"
2026-05-13 19:18:19,588 - utils.logger - INFO - 第六步：生成报告
2026-05-13 19:18:19,592 - utils.logger - INFO - 第七步：转换为PNG和PDF
2026-05-13 19:18:19,690 - utils.logger - INFO - 第八步：发送邮件
2026-05-13 19:18:20,922 - utils.logger - INFO - 每日选股分析任务完成
2026-05-13 19:27:42,545 - utils.logger - INFO - 开始执行每日选股分析任务
2026-05-13 19:27:42,545 - utils.logger - INFO - 第一步：获取权威时间
2026-05-13 19:27:42,992 - utils.logger - INFO - 第二步：获取市场数据
2026-05-13 19:27:57,621 - utils.logger - INFO - 第三步：处理数据
2026-05-13 19:27:57,621 - utils.logger - INFO - 第四步：分析股票
2026-05-13 19:28:04,892 - utils.logger - INFO - 第五步：AI增强分析
2026-05-13 19:28:15,263 - httpx - INFO - HTTP Request: POST https://dashscope.aliyuncs.com/compatible-mode/v1/chat/completions "HTTP/1.1 200 OK"
2026-05-13 19:28:27,419 - httpx - INFO - HTTP Request: POST https://dashscope.aliyuncs.com/compatible-mode/v1/chat/completions "HTTP/1.1 200 OK"
2026-05-13 19:28:41,808 - httpx - INFO - HTTP Request: POST https://dashscope.aliyuncs.com/compatible-mode/v1/chat/completions "HTTP/1.1 200 OK"
2026-05-13 19:28:54,848 - httpx - INFO - HTTP Request: POST https://dashscope.aliyuncs.com/compatible-mode/v1/chat/completions "HTTP/1.1 200 OK"
2026-05-13 19:29:08,022 - httpx - INFO - HTTP Request: POST https://dashscope.aliyuncs.com/compatible-mode/v1/chat/completions "HTTP/1.1 200 OK"
2026-05-13 19:29:22,460 - httpx - INFO - HTTP Request: POST https://dashscope.aliyuncs.com/compatible-mode/v1/chat/completions "HTTP/1.1 200 OK"
2026-05-13 19:29:28,823 - httpx - INFO - HTTP Request: POST https://dashscope.aliyuncs.com/compatible-mode/v1/chat/completions "HTTP/1.1 200 OK"
2026-05-13 19:29:40,074 - httpx - INFO - HTTP Request: POST https://dashscope.aliyuncs.com/compatible-mode/v1/chat/completions "HTTP/1.1 200 OK"
2026-05-13 19:29:48,874 - httpx - INFO - HTTP Request: POST https://dashscope.aliyuncs.com/compatible-mode/v1/chat/completions "HTTP/1.1 200 OK"
2026-05-13 19:29:58,818 - httpx - INFO - HTTP Request: POST https://dashscope.aliyuncs.com/compatible-mode/v1/chat/completions "HTTP/1.1 200 OK"
2026-05-13 19:30:03,881 - httpx - INFO - HTTP Request: POST https://dashscope.aliyuncs.com/compatible-mode/v1/chat/completions "HTTP/1.1 200 OK"
2026-05-13 19:30:13,267 - httpx - INFO - HTTP Request: POST https://dashscope.aliyuncs.com/compatible-mode/v1/chat/completions "HTTP/1.1 200 OK"
2026-05-13 19:30:25,799 - httpx - INFO - HTTP Request: POST https://dashscope.aliyuncs.com/compatible-mode/v1/chat/completions "HTTP/1.1 200 OK"
2026-05-13 19:30:36,740 - httpx - INFO - HTTP Request: POST https://dashscope.aliyuncs.com/compatible-mode/v1/chat/completions "HTTP/1.1 200 OK"
2026-05-13 19:30:44,983 - httpx - INFO - HTTP Request: POST https://dashscope.aliyuncs.com/compatible-mode/v1/chat/completions "HTTP/1.1 200 OK"
2026-05-13 19:30:52,779 - httpx - INFO - HTTP Request: POST https://dashscope.aliyuncs.com/compatible-mode/v1/chat/completions "HTTP/1.1 200 OK"
2026-05-13 19:31:03,363 - httpx - INFO - HTTP Request: POST https://dashscope.aliyuncs.com/compatible-mode/v1/chat/completions "HTTP/1.1 200 OK"
2026-05-13 19:31:13,130 - httpx - INFO - HTTP Request: POST https://dashscope.aliyuncs.com/compatible-mode/v1/chat/completions "HTTP/1.1 200 OK"
2026-05-13 19:31:23,994 - httpx - INFO - HTTP Request: POST https://dashscope.aliyuncs.com/compatible-mode/v1/chat/completions "HTTP/1.1 200 OK"
2026-05-13 19:31:36,791 - httpx - INFO - HTTP Request: POST https://dashscope.aliyuncs.com/compatible-mode/v1/chat/completions "HTTP/1.1 200 OK"
2026-05-13 19:31:43,832 - httpx - INFO - HTTP Request: POST https://dashscope.aliyuncs.com/compatible-mode/v1/chat/completions "HTTP/1.1 200 OK"
2026-05-13 19:31:54,385 - httpx - INFO - HTTP Request: POST https://dashscope.aliyuncs.com/compatible-mode/v1/chat/completions "HTTP/1.1 200 OK"
2026-05-13 19:32:11,188 - httpx - INFO - HTTP Request: POST https://dashscope.aliyuncs.com/compatible-mode/v1/chat/completions "HTTP/1.1 200 OK"
2026-05-13 19:32:19,262 - httpx - INFO - HTTP Request: POST https://dashscope.aliyuncs.com/compatible-mode/v1/chat/completions "HTTP/1.1 200 OK"
2026-05-13 19:32:29,518 - httpx - INFO - HTTP Request: POST https://dashscope.aliyuncs.com/compatible-mode/v1/chat/completions "HTTP/1.1 200 OK"
2026-05-13 19:32:52,853 - httpx - INFO - HTTP Request: POST https://dashscope.aliyuncs.com/compatible-mode/v1/chat/completions "HTTP/1.1 200 OK"
2026-05-13 19:33:03,937 - httpx - INFO - HTTP Request: POST https://dashscope.aliyuncs.com/compatible-mode/v1/chat/completions "HTTP/1.1 200 OK"
2026-05-13 19:33:03,938 - utils.logger - INFO - 第六步：生成报告
2026-05-13 19:33:03,942 - utils.logger - INFO - 第七步：转换为PNG和PDF
2026-05-13 19:33:04,049 - utils.logger - INFO - 第八步：发送邮件
2026-05-13 19:33:05,475 - utils.logger - INFO - 每日选股分析任务完成
2026-05-13 19:35:48,014 - utils.logger - INFO - 开始执行每日选股分析任务
2026-05-13 19:35:48,014 - utils.logger - INFO - 第一步：获取权威时间
2026-05-13 19:35:48,515 - utils.logger - INFO - 第二步：获取市场数据
2026-05-13 19:36:02,724 - utils.logger - INFO - 第三步：处理数据
2026-05-13 19:36:02,725 - utils.logger - INFO - 第四步：分析股票
2026-05-13 19:36:10,668 - utils.logger - INFO - 第五步：AI增强分析
2026-05-13 19:36:22,605 - httpx - INFO - HTTP Request: POST https://dashscope.aliyuncs.com/compatible-mode/v1/chat/completions "HTTP/1.1 200 OK"
2026-05-13 19:36:35,578 - httpx - INFO - HTTP Request: POST https://dashscope.aliyuncs.com/compatible-mode/v1/chat/completions "HTTP/1.1 200 OK"
2026-05-13 19:36:48,590 - httpx - INFO - HTTP Request: POST https://dashscope.aliyuncs.com/compatible-mode/v1/chat/completions "HTTP/1.1 200 OK"
2026-05-13 19:37:00,079 - httpx - INFO - HTTP Request: POST https://dashscope.aliyuncs.com/compatible-mode/v1/chat/completions "HTTP/1.1 200 OK"
2026-05-13 19:37:11,324 - httpx - INFO - HTTP Request: POST https://dashscope.aliyuncs.com/compatible-mode/v1/chat/completions "HTTP/1.1 200 OK"
2026-05-13 19:37:20,703 - httpx - INFO - HTTP Request: POST https://dashscope.aliyuncs.com/compatible-mode/v1/chat/completions "HTTP/1.1 200 OK"
2026-05-13 19:37:32,571 - httpx - INFO - HTTP Request: POST https://dashscope.aliyuncs.com/compatible-mode/v1/chat/completions "HTTP/1.1 200 OK"
2026-05-13 19:37:45,475 - httpx - INFO - HTTP Request: POST https://dashscope.aliyuncs.com/compatible-mode/v1/chat/completions "HTTP/1.1 200 OK"
2026-05-13 19:37:56,089 - httpx - INFO - HTTP Request: POST https://dashscope.aliyuncs.com/compatible-mode/v1/chat/completions "HTTP/1.1 200 OK"
2026-05-13 19:38:05,597 - httpx - INFO - HTTP Request: POST https://dashscope.aliyuncs.com/compatible-mode/v1/chat/completions "HTTP/1.1 200 OK"
2026-05-13 19:38:13,605 - httpx - INFO - HTTP Request: POST https://dashscope.aliyuncs.com/compatible-mode/v1/chat/completions "HTTP/1.1 200 OK"
2026-05-13 19:38:25,171 - httpx - INFO - HTTP Request: POST https://dashscope.aliyuncs.com/compatible-mode/v1/chat/completions "HTTP/1.1 200 OK"
2026-05-13 19:38:33,459 - httpx - INFO - HTTP Request: POST https://dashscope.aliyuncs.com/compatible-mode/v1/chat/completions "HTTP/1.1 200 OK"
2026-05-13 19:38:43,388 - httpx - INFO - HTTP Request: POST https://dashscope.aliyuncs.com/compatible-mode/v1/chat/completions "HTTP/1.1 200 OK"
2026-05-13 19:38:53,416 - httpx - INFO - HTTP Request: POST https://dashscope.aliyuncs.com/compatible-mode/v1/chat/completions "HTTP/1.1 200 OK"
2026-05-13 19:38:58,283 - httpx - INFO - HTTP Request: POST https://dashscope.aliyuncs.com/compatible-mode/v1/chat/completions "HTTP/1.1 200 OK"
2026-05-13 19:39:06,248 - httpx - INFO - HTTP Request: POST https://dashscope.aliyuncs.com/compatible-mode/v1/chat/completions "HTTP/1.1 200 OK"
2026-05-13 19:39:19,238 - httpx - INFO - HTTP Request: POST https://dashscope.aliyuncs.com/compatible-mode/v1/chat/completions "HTTP/1.1 200 OK"
2026-05-13 19:39:25,275 - httpx - INFO - HTTP Request: POST https://dashscope.aliyuncs.com/compatible-mode/v1/chat/completions "HTTP/1.1 200 OK"
2026-05-13 19:39:37,782 - httpx - INFO - HTTP Request: POST https://dashscope.aliyuncs.com/compatible-mode/v1/chat/completions "HTTP/1.1 200 OK"
2026-05-13 19:39:50,302 - httpx - INFO - HTTP Request: POST https://dashscope.aliyuncs.com/compatible-mode/v1/chat/completions "HTTP/1.1 200 OK"
2026-05-13 19:40:00,905 - httpx - INFO - HTTP Request: POST https://dashscope.aliyuncs.com/compatible-mode/v1/chat/completions "HTTP/1.1 200 OK"
2026-05-13 19:40:14,660 - httpx - INFO - HTTP Request: POST https://dashscope.aliyuncs.com/compatible-mode/v1/chat/completions "HTTP/1.1 200 OK"
2026-05-13 19:40:25,113 - httpx - INFO - HTTP Request: POST https://dashscope.aliyuncs.com/compatible-mode/v1/chat/completions "HTTP/1.1 200 OK"
2026-05-13 19:40:35,588 - httpx - INFO - HTTP Request: POST https://dashscope.aliyuncs.com/compatible-mode/v1/chat/completions "HTTP/1.1 200 OK"
2026-05-13 19:40:46,180 - httpx - INFO - HTTP Request: POST https://dashscope.aliyuncs.com/compatible-mode/v1/chat/completions "HTTP/1.1 200 OK"
2026-05-13 19:40:58,721 - httpx - INFO - HTTP Request: POST https://dashscope.aliyuncs.com/compatible-mode/v1/chat/completions "HTTP/1.1 200 OK"
2026-05-13 19:41:14,836 - httpx - INFO - HTTP Request: POST https://dashscope.aliyuncs.com/compatible-mode/v1/chat/completions "HTTP/1.1 200 OK"
2026-05-13 19:41:27,371 - httpx - INFO - HTTP Request: POST https://dashscope.aliyuncs.com/compatible-mode/v1/chat/completions "HTTP/1.1 200 OK"
2026-05-13 19:41:42,060 - httpx - INFO - HTTP Request: POST https://dashscope.aliyuncs.com/compatible-mode/v1/chat/completions "HTTP/1.1 200 OK"
2026-05-13 19:41:42,061 - utils.logger - INFO - 第六步：生成报告
2026-05-13 19:41:42,065 - utils.logger - INFO - 第七步：转换为PNG和PDF
2026-05-13 19:41:42,164 - utils.logger - INFO - 第八步：发送邮件
2026-05-13 19:41:43,449 - utils.logger - INFO - 每日选股分析任务完成
2026-05-13 19:49:04,032 - utils.logger - INFO - 开始执行每日选股分析任务
2026-05-13 19:49:04,032 - utils.logger - INFO - 第一步：获取权威时间
2026-05-13 19:49:04,467 - utils.logger - INFO - 第二步：获取市场数据
2026-05-13 19:49:18,303 - utils.logger - INFO - 第三步：处理数据
2026-05-13 19:49:18,303 - utils.logger - INFO - 第四步：分析股票
2026-05-13 19:49:25,229 - utils.logger - INFO - 第五步：AI增强分析
2026-05-13 19:49:35,977 - httpx - INFO - HTTP Request: POST https://dashscope.aliyuncs.com/compatible-mode/v1/chat/completions "HTTP/1.1 200 OK"
2026-05-13 19:49:46,499 - httpx - INFO - HTTP Request: POST https://dashscope.aliyuncs.com/compatible-mode/v1/chat/completions "HTTP/1.1 200 OK"
2026-05-13 19:49:54,536 - httpx - INFO - HTTP Request: POST https://dashscope.aliyuncs.com/compatible-mode/v1/chat/completions "HTTP/1.1 200 OK"
2026-05-13 19:50:06,951 - httpx - INFO - HTTP Request: POST https://dashscope.aliyuncs.com/compatible-mode/v1/chat/completions "HTTP/1.1 200 OK"
2026-05-13 19:50:14,877 - httpx - INFO - HTTP Request: POST https://dashscope.aliyuncs.com/compatible-mode/v1/chat/completions "HTTP/1.1 200 OK"
2026-05-13 19:50:24,448 - httpx - INFO - HTTP Request: POST https://dashscope.aliyuncs.com/compatible-mode/v1/chat/completions "HTTP/1.1 200 OK"
2026-05-13 19:50:38,159 - httpx - INFO - HTTP Request: POST https://dashscope.aliyuncs.com/compatible-mode/v1/chat/completions "HTTP/1.1 200 OK"
2026-05-13 19:50:53,917 - httpx - INFO - HTTP Request: POST https://dashscope.aliyuncs.com/compatible-mode/v1/chat/completions "HTTP/1.1 200 OK"
2026-05-13 19:51:00,970 - httpx - INFO - HTTP Request: POST https://dashscope.aliyuncs.com/compatible-mode/v1/chat/completions "HTTP/1.1 200 OK"
2026-05-13 19:51:10,301 - httpx - INFO - HTTP Request: POST https://dashscope.aliyuncs.com/compatible-mode/v1/chat/completions "HTTP/1.1 200 OK"
2026-05-13 19:51:20,209 - httpx - INFO - HTTP Request: POST https://dashscope.aliyuncs.com/compatible-mode/v1/chat/completions "HTTP/1.1 200 OK"
2026-05-13 19:51:31,286 - httpx - INFO - HTTP Request: POST https://dashscope.aliyuncs.com/compatible-mode/v1/chat/completions "HTTP/1.1 200 OK"
2026-05-13 19:51:42,257 - httpx - INFO - HTTP Request: POST https://dashscope.aliyuncs.com/compatible-mode/v1/chat/completions "HTTP/1.1 200 OK"
2026-05-13 19:51:53,209 - httpx - INFO - HTTP Request: POST https://dashscope.aliyuncs.com/compatible-mode/v1/chat/completions "HTTP/1.1 200 OK"
2026-05-13 19:52:03,351 - httpx - INFO - HTTP Request: POST https://dashscope.aliyuncs.com/compatible-mode/v1/chat/completions "HTTP/1.1 200 OK"
2026-05-13 19:52:13,673 - httpx - INFO - HTTP Request: POST https://dashscope.aliyuncs.com/compatible-mode/v1/chat/completions "HTTP/1.1 200 OK"
2026-05-13 19:52:18,743 - httpx - INFO - HTTP Request: POST https://dashscope.aliyuncs.com/compatible-mode/v1/chat/completions "HTTP/1.1 200 OK"
2026-05-13 19:52:28,389 - httpx - INFO - HTTP Request: POST https://dashscope.aliyuncs.com/compatible-mode/v1/chat/completions "HTTP/1.1 200 OK"
2026-05-13 19:52:38,998 - httpx - INFO - HTTP Request: POST https://dashscope.aliyuncs.com/compatible-mode/v1/chat/completions "HTTP/1.1 200 OK"
2026-05-13 19:52:52,767 - httpx - INFO - HTTP Request: POST https://dashscope.aliyuncs.com/compatible-mode/v1/chat/completions "HTTP/1.1 200 OK"
2026-05-13 19:53:05,616 - httpx - INFO - HTTP Request: POST https://dashscope.aliyuncs.com/compatible-mode/v1/chat/completions "HTTP/1.1 200 OK"
2026-05-13 19:53:12,290 - httpx - INFO - HTTP Request: POST https://dashscope.aliyuncs.com/compatible-mode/v1/chat/completions "HTTP/1.1 200 OK"
2026-05-13 19:53:32,958 - httpx - INFO - HTTP Request: POST https://dashscope.aliyuncs.com/compatible-mode/v1/chat/completions "HTTP/1.1 200 OK"
2026-05-13 19:53:46,256 - httpx - INFO - HTTP Request: POST https://dashscope.aliyuncs.com/compatible-mode/v1/chat/completions "HTTP/1.1 200 OK"
2026-05-13 19:53:58,954 - httpx - INFO - HTTP Request: POST https://dashscope.aliyuncs.com/compatible-mode/v1/chat/completions "HTTP/1.1 200 OK"
2026-05-13 19:54:11,808 - httpx - INFO - HTTP Request: POST https://dashscope.aliyuncs.com/compatible-mode/v1/chat/completions "HTTP/1.1 200 OK"
2026-05-13 19:54:23,836 - httpx - INFO - HTTP Request: POST https://dashscope.aliyuncs.com/compatible-mode/v1/chat/completions "HTTP/1.1 200 OK"
2026-05-13 19:54:30,310 - httpx - INFO - HTTP Request: POST https://dashscope.aliyuncs.com/compatible-mode/v1/chat/completions "HTTP/1.1 200 OK"
2026-05-13 19:54:45,255 - httpx - INFO - HTTP Request: POST https://dashscope.aliyuncs.com/compatible-mode/v1/chat/completions "HTTP/1.1 200 OK"
2026-05-13 19:54:56,935 - httpx - INFO - HTTP Request: POST https://dashscope.aliyuncs.com/compatible-mode/v1/chat/completions "HTTP/1.1 200 OK"
2026-05-13 19:54:56,937 - utils.logger - INFO - 第六步：生成报告
2026-05-13 19:54:56,942 - utils.logger - INFO - 第七步：转换为PNG和PDF
2026-05-13 19:54:57,051 - utils.logger - INFO - 第八步：发送邮件
2026-05-13 19:54:58,354 - utils.logger - INFO - 每日选股分析任务完成
2026-05-13 19:58:34,120 - utils.logger - INFO - 开始执行每日选股分析任务
2026-05-13 19:58:34,121 - utils.logger - INFO - 第一步：获取权威时间
2026-05-13 19:58:34,562 - utils.logger - INFO - 第二步：获取市场数据
2026-05-13 19:58:48,413 - utils.logger - INFO - 第三步：处理数据
2026-05-13 19:58:48,413 - utils.logger - INFO - 第四步：分析股票
2026-05-13 19:58:55,315 - utils.logger - INFO - 第五步：AI增强分析
2026-05-13 19:59:02,175 - httpx - INFO - HTTP Request: POST https://dashscope.aliyuncs.com/compatible-mode/v1/chat/completions "HTTP/1.1 200 OK"
2026-05-13 19:59:13,692 - httpx - INFO - HTTP Request: POST https://dashscope.aliyuncs.com/compatible-mode/v1/chat/completions "HTTP/1.1 200 OK"
2026-05-13 19:59:26,180 - httpx - INFO - HTTP Request: POST https://dashscope.aliyuncs.com/compatible-mode/v1/chat/completions "HTTP/1.1 200 OK"
2026-05-13 19:59:36,350 - httpx - INFO - HTTP Request: POST https://dashscope.aliyuncs.com/compatible-mode/v1/chat/completions "HTTP/1.1 200 OK"
2026-05-13 19:59:41,719 - httpx - INFO - HTTP Request: POST https://dashscope.aliyuncs.com/compatible-mode/v1/chat/completions "HTTP/1.1 200 OK"
2026-05-13 19:59:51,491 - httpx - INFO - HTTP Request: POST https://dashscope.aliyuncs.com/compatible-mode/v1/chat/completions "HTTP/1.1 200 OK"
2026-05-13 20:00:00,239 - httpx - INFO - HTTP Request: POST https://dashscope.aliyuncs.com/compatible-mode/v1/chat/completions "HTTP/1.1 200 OK"
2026-05-13 20:00:11,531 - httpx - INFO - HTTP Request: POST https://dashscope.aliyuncs.com/compatible-mode/v1/chat/completions "HTTP/1.1 200 OK"
2026-05-13 20:00:32,645 - httpx - INFO - HTTP Request: POST https://dashscope.aliyuncs.com/compatible-mode/v1/chat/completions "HTTP/1.1 200 OK"
2026-05-13 20:00:38,240 - httpx - INFO - HTTP Request: POST https://dashscope.aliyuncs.com/compatible-mode/v1/chat/completions "HTTP/1.1 200 OK"
2026-05-13 20:00:44,904 - httpx - INFO - HTTP Request: POST https://dashscope.aliyuncs.com/compatible-mode/v1/chat/completions "HTTP/1.1 200 OK"
2026-05-13 20:00:56,552 - httpx - INFO - HTTP Request: POST https://dashscope.aliyuncs.com/compatible-mode/v1/chat/completions "HTTP/1.1 200 OK"
2026-05-13 20:01:04,424 - httpx - INFO - HTTP Request: POST https://dashscope.aliyuncs.com/compatible-mode/v1/chat/completions "HTTP/1.1 200 OK"
2026-05-13 20:01:12,502 - httpx - INFO - HTTP Request: POST https://dashscope.aliyuncs.com/compatible-mode/v1/chat/completions "HTTP/1.1 200 OK"
2026-05-13 20:01:19,188 - httpx - INFO - HTTP Request: POST https://dashscope.aliyuncs.com/compatible-mode/v1/chat/completions "HTTP/1.1 200 OK"
2026-05-13 20:01:27,122 - httpx - INFO - HTTP Request: POST https://dashscope.aliyuncs.com/compatible-mode/v1/chat/completions "HTTP/1.1 200 OK"
2026-05-13 20:01:38,594 - httpx - INFO - HTTP Request: POST https://dashscope.aliyuncs.com/compatible-mode/v1/chat/completions "HTTP/1.1 200 OK"
2026-05-13 20:01:51,957 - httpx - INFO - HTTP Request: POST https://dashscope.aliyuncs.com/compatible-mode/v1/chat/completions "HTTP/1.1 200 OK"
2026-05-13 20:02:02,446 - httpx - INFO - HTTP Request: POST https://dashscope.aliyuncs.com/compatible-mode/v1/chat/completions "HTTP/1.1 200 OK"
2026-05-13 20:02:19,095 - httpx - INFO - HTTP Request: POST https://dashscope.aliyuncs.com/compatible-mode/v1/chat/completions "HTTP/1.1 200 OK"
2026-05-13 20:02:27,942 - httpx - INFO - HTTP Request: POST https://dashscope.aliyuncs.com/compatible-mode/v1/chat/completions "HTTP/1.1 200 OK"
2026-05-13 20:02:39,580 - httpx - INFO - HTTP Request: POST https://dashscope.aliyuncs.com/compatible-mode/v1/chat/completions "HTTP/1.1 200 OK"
2026-05-13 20:02:51,724 - httpx - INFO - HTTP Request: POST https://dashscope.aliyuncs.com/compatible-mode/v1/chat/completions "HTTP/1.1 200 OK"
2026-05-13 20:03:04,767 - httpx - INFO - HTTP Request: POST https://dashscope.aliyuncs.com/compatible-mode/v1/chat/completions "HTTP/1.1 200 OK"
2026-05-13 20:03:19,981 - httpx - INFO - HTTP Request: POST https://dashscope.aliyuncs.com/compatible-mode/v1/chat/completions "HTTP/1.1 200 OK"
2026-05-13 20:03:25,396 - httpx - INFO - HTTP Request: POST https://dashscope.aliyuncs.com/compatible-mode/v1/chat/completions "HTTP/1.1 200 OK"
2026-05-13 20:03:38,883 - httpx - INFO - HTTP Request: POST https://dashscope.aliyuncs.com/compatible-mode/v1/chat/completions "HTTP/1.1 200 OK"
2026-05-13 20:03:45,124 - httpx - INFO - HTTP Request: POST https://dashscope.aliyuncs.com/compatible-mode/v1/chat/completions "HTTP/1.1 200 OK"
2026-05-13 20:03:58,355 - httpx - INFO - HTTP Request: POST https://dashscope.aliyuncs.com/compatible-mode/v1/chat/completions "HTTP/1.1 200 OK"
2026-05-13 20:04:07,530 - httpx - INFO - HTTP Request: POST https://dashscope.aliyuncs.com/compatible-mode/v1/chat/completions "HTTP/1.1 200 OK"
2026-05-13 20:04:07,531 - utils.logger - INFO - 第六步：生成报告
2026-05-13 20:04:07,535 - utils.logger - INFO - 第七步：转换为PNG和PDF
2026-05-13 20:04:07,634 - utils.logger - INFO - 第八步：发送邮件
2026-05-13 20:04:08,913 - utils.logger - INFO - 每日选股分析任务完成
2026-05-13 21:52:34,242 - utils.logger - INFO - 开始执行每日选股分析任务
2026-05-13 21:52:34,243 - utils.logger - INFO - 第一步：获取权威时间
2026-05-13 21:52:34,683 - utils.logger - INFO - 第二步：获取市场数据
2026-05-13 21:52:48,754 - utils.logger - INFO - 第三步：处理数据
2026-05-13 21:52:48,754 - utils.logger - INFO - 第四步：分析股票
2026-05-13 21:52:55,582 - utils.logger - INFO - 第五步：AI增强分析
2026-05-13 21:53:05,891 - httpx - INFO - HTTP Request: POST https://dashscope.aliyuncs.com/compatible-mode/v1/chat/completions "HTTP/1.1 200 OK"
2026-05-13 21:53:17,293 - httpx - INFO - HTTP Request: POST https://dashscope.aliyuncs.com/compatible-mode/v1/chat/completions "HTTP/1.1 200 OK"
2026-05-13 21:53:30,577 - httpx - INFO - HTTP Request: POST https://dashscope.aliyuncs.com/compatible-mode/v1/chat/completions "HTTP/1.1 200 OK"
2026-05-13 21:53:42,940 - httpx - INFO - HTTP Request: POST https://dashscope.aliyuncs.com/compatible-mode/v1/chat/completions "HTTP/1.1 200 OK"
2026-05-13 21:53:55,471 - httpx - INFO - HTTP Request: POST https://dashscope.aliyuncs.com/compatible-mode/v1/chat/completions "HTTP/1.1 200 OK"
2026-05-13 21:54:00,695 - httpx - INFO - HTTP Request: POST https://dashscope.aliyuncs.com/compatible-mode/v1/chat/completions "HTTP/1.1 200 OK"
2026-05-13 21:54:19,298 - httpx - INFO - HTTP Request: POST https://dashscope.aliyuncs.com/compatible-mode/v1/chat/completions "HTTP/1.1 200 OK"
2026-05-13 21:54:33,298 - httpx - INFO - HTTP Request: POST https://dashscope.aliyuncs.com/compatible-mode/v1/chat/completions "HTTP/1.1 200 OK"
2026-05-13 21:54:52,970 - httpx - INFO - HTTP Request: POST https://dashscope.aliyuncs.com/compatible-mode/v1/chat/completions "HTTP/1.1 200 OK"
2026-05-13 21:55:02,750 - httpx - INFO - HTTP Request: POST https://dashscope.aliyuncs.com/compatible-mode/v1/chat/completions "HTTP/1.1 200 OK"
2026-05-13 21:55:15,371 - httpx - INFO - HTTP Request: POST https://dashscope.aliyuncs.com/compatible-mode/v1/chat/completions "HTTP/1.1 200 OK"
2026-05-13 21:55:21,713 - httpx - INFO - HTTP Request: POST https://dashscope.aliyuncs.com/compatible-mode/v1/chat/completions "HTTP/1.1 200 OK"
2026-05-13 21:55:31,739 - httpx - INFO - HTTP Request: POST https://dashscope.aliyuncs.com/compatible-mode/v1/chat/completions "HTTP/1.1 200 OK"
2026-05-13 21:55:37,515 - httpx - INFO - HTTP Request: POST https://dashscope.aliyuncs.com/compatible-mode/v1/chat/completions "HTTP/1.1 200 OK"
2026-05-13 21:55:47,828 - httpx - INFO - HTTP Request: POST https://dashscope.aliyuncs.com/compatible-mode/v1/chat/completions "HTTP/1.1 200 OK"
2026-05-13 21:55:54,710 - httpx - INFO - HTTP Request: POST https://dashscope.aliyuncs.com/compatible-mode/v1/chat/completions "HTTP/1.1 200 OK"
2026-05-13 21:55:59,046 - httpx - INFO - HTTP Request: POST https://dashscope.aliyuncs.com/compatible-mode/v1/chat/completions "HTTP/1.1 200 OK"
2026-05-13 21:56:08,524 - httpx - INFO - HTTP Request: POST https://dashscope.aliyuncs.com/compatible-mode/v1/chat/completions "HTTP/1.1 200 OK"
2026-05-13 21:56:18,220 - httpx - INFO - HTTP Request: POST https://dashscope.aliyuncs.com/compatible-mode/v1/chat/completions "HTTP/1.1 200 OK"
2026-05-13 21:56:32,293 - httpx - INFO - HTTP Request: POST https://dashscope.aliyuncs.com/compatible-mode/v1/chat/completions "HTTP/1.1 200 OK"
2026-05-13 21:56:46,803 - httpx - INFO - HTTP Request: POST https://dashscope.aliyuncs.com/compatible-mode/v1/chat/completions "HTTP/1.1 200 OK"
2026-05-13 21:57:06,882 - httpx - INFO - HTTP Request: POST https://dashscope.aliyuncs.com/compatible-mode/v1/chat/completions "HTTP/1.1 200 OK"
2026-05-13 21:57:26,910 - httpx - INFO - HTTP Request: POST https://dashscope.aliyuncs.com/compatible-mode/v1/chat/completions "HTTP/1.1 200 OK"
2026-05-13 21:57:36,139 - httpx - INFO - HTTP Request: POST https://dashscope.aliyuncs.com/compatible-mode/v1/chat/completions "HTTP/1.1 200 OK"
2026-05-13 21:57:49,355 - httpx - INFO - HTTP Request: POST https://dashscope.aliyuncs.com/compatible-mode/v1/chat/completions "HTTP/1.1 200 OK"
2026-05-13 21:57:58,863 - httpx - INFO - HTTP Request: POST https://dashscope.aliyuncs.com/compatible-mode/v1/chat/completions "HTTP/1.1 200 OK"
2026-05-13 21:58:12,602 - httpx - INFO - HTTP Request: POST https://dashscope.aliyuncs.com/compatible-mode/v1/chat/completions "HTTP/1.1 200 OK"
2026-05-13 21:58:19,940 - httpx - INFO - HTTP Request: POST https://dashscope.aliyuncs.com/compatible-mode/v1/chat/completions "HTTP/1.1 200 OK"
2026-05-13 21:58:44,461 - httpx - INFO - HTTP Request: POST https://dashscope.aliyuncs.com/compatible-mode/v1/chat/completions "HTTP/1.1 200 OK"
2026-05-13 21:58:57,575 - httpx - INFO - HTTP Request: POST https://dashscope.aliyuncs.com/compatible-mode/v1/chat/completions "HTTP/1.1 200 OK"
2026-05-13 21:58:57,576 - utils.logger - INFO - 第六步：生成报告
2026-05-13 21:58:57,580 - utils.logger - INFO - 第七步：转换为PNG和PDF
2026-05-13 21:58:57,686 - utils.logger - INFO - 第八步：发送邮件
2026-05-13 21:58:59,298 - utils.logger - INFO - 每日选股分析任务完成
2026-05-13 22:36:06,600 - utils.logger - INFO - 开始执行每日选股分析任务
2026-05-13 22:36:06,601 - utils.logger - INFO - 第一步：获取权威时间
2026-05-13 22:36:07,140 - utils.logger - INFO - 第二步：获取市场数据
2026-05-13 22:36:21,396 - utils.logger - INFO - 第三步：处理数据
2026-05-13 22:36:21,396 - utils.logger - INFO - 第四步：AI增强分析
2026-05-13 22:36:30,927 - httpx - INFO - HTTP Request: POST https://dashscope.aliyuncs.com/compatible-mode/v1/chat/completions "HTTP/1.1 200 OK"
2026-05-13 22:36:45,062 - httpx - INFO - HTTP Request: POST https://dashscope.aliyuncs.com/compatible-mode/v1/chat/completions "HTTP/1.1 200 OK"
2026-05-13 22:36:55,785 - httpx - INFO - HTTP Request: POST https://dashscope.aliyuncs.com/compatible-mode/v1/chat/completions "HTTP/1.1 200 OK"
2026-05-13 22:37:02,310 - httpx - INFO - HTTP Request: POST https://dashscope.aliyuncs.com/compatible-mode/v1/chat/completions "HTTP/1.1 200 OK"
2026-05-13 22:37:08,490 - httpx - INFO - HTTP Request: POST https://dashscope.aliyuncs.com/compatible-mode/v1/chat/completions "HTTP/1.1 200 OK"
2026-05-13 22:37:25,073 - httpx - INFO - HTTP Request: POST https://dashscope.aliyuncs.com/compatible-mode/v1/chat/completions "HTTP/1.1 200 OK"
2026-05-13 22:37:37,644 - httpx - INFO - HTTP Request: POST https://dashscope.aliyuncs.com/compatible-mode/v1/chat/completions "HTTP/1.1 200 OK"
2026-05-13 22:37:45,883 - httpx - INFO - HTTP Request: POST https://dashscope.aliyuncs.com/compatible-mode/v1/chat/completions "HTTP/1.1 200 OK"
2026-05-13 22:38:01,578 - httpx - INFO - HTTP Request: POST https://dashscope.aliyuncs.com/compatible-mode/v1/chat/completions "HTTP/1.1 200 OK"
2026-05-13 22:38:01,580 - utils.logger - ERROR - 执行过程中发生错误: slice(None, 15, None)
2026-05-13 23:08:41,219 - utils.logger - INFO - 开始执行每日选股分析任务
2026-05-13 23:08:41,219 - utils.logger - INFO - 第一步：获取权威时间
2026-05-13 23:08:41,690 - utils.logger - INFO - 第二步：获取市场数据
2026-05-13 23:08:55,820 - utils.logger - INFO - 第三步：处理数据
2026-05-13 23:08:55,820 - utils.logger - INFO - 第四步：AI增强分析
2026-05-13 23:09:06,923 - httpx - INFO - HTTP Request: POST https://dashscope.aliyuncs.com/compatible-mode/v1/chat/completions "HTTP/1.1 200 OK"
2026-05-13 23:09:18,384 - httpx - INFO - HTTP Request: POST https://dashscope.aliyuncs.com/compatible-mode/v1/chat/completions "HTTP/1.1 200 OK"
2026-05-13 23:09:34,226 - httpx - INFO - HTTP Request: POST https://dashscope.aliyuncs.com/compatible-mode/v1/chat/completions "HTTP/1.1 200 OK"
2026-05-13 23:09:44,517 - httpx - INFO - HTTP Request: POST https://dashscope.aliyuncs.com/compatible-mode/v1/chat/completions "HTTP/1.1 200 OK"
2026-05-13 23:09:53,497 - httpx - INFO - HTTP Request: POST https://dashscope.aliyuncs.com/compatible-mode/v1/chat/completions "HTTP/1.1 200 OK"
2026-05-13 23:10:08,183 - httpx - INFO - HTTP Request: POST https://dashscope.aliyuncs.com/compatible-mode/v1/chat/completions "HTTP/1.1 200 OK"
2026-05-13 23:10:17,525 - httpx - INFO - HTTP Request: POST https://dashscope.aliyuncs.com/compatible-mode/v1/chat/completions "HTTP/1.1 200 OK"
2026-05-13 23:10:29,101 - httpx - INFO - HTTP Request: POST https://dashscope.aliyuncs.com/compatible-mode/v1/chat/completions "HTTP/1.1 200 OK"
2026-05-13 23:10:51,007 - httpx - INFO - HTTP Request: POST https://dashscope.aliyuncs.com/compatible-mode/v1/chat/completions "HTTP/1.1 200 OK"
2026-05-13 23:11:23,275 - httpx - INFO - HTTP Request: POST https://dashscope.aliyuncs.com/compatible-mode/v1/chat/completions "HTTP/1.1 200 OK"
2026-05-13 23:11:36,971 - httpx - INFO - HTTP Request: POST https://dashscope.aliyuncs.com/compatible-mode/v1/chat/completions "HTTP/1.1 200 OK"
2026-05-13 23:11:42,662 - httpx - INFO - HTTP Request: POST https://dashscope.aliyuncs.com/compatible-mode/v1/chat/completions "HTTP/1.1 200 OK"
2026-05-13 23:11:50,900 - httpx - INFO - HTTP Request: POST https://dashscope.aliyuncs.com/compatible-mode/v1/chat/completions "HTTP/1.1 200 OK"
2026-05-13 23:12:01,237 - httpx - INFO - HTTP Request: POST https://dashscope.aliyuncs.com/compatible-mode/v1/chat/completions "HTTP/1.1 200 OK"
2026-05-13 23:12:11,147 - httpx - INFO - HTTP Request: POST https://dashscope.aliyuncs.com/compatible-mode/v1/chat/completions "HTTP/1.1 200 OK"
2026-05-13 23:12:17,392 - httpx - INFO - HTTP Request: POST https://dashscope.aliyuncs.com/compatible-mode/v1/chat/completions "HTTP/1.1 200 OK"
2026-05-13 23:12:28,966 - httpx - INFO - HTTP Request: POST https://dashscope.aliyuncs.com/compatible-mode/v1/chat/completions "HTTP/1.1 200 OK"
2026-05-13 23:12:39,614 - httpx - INFO - HTTP Request: POST https://dashscope.aliyuncs.com/compatible-mode/v1/chat/completions "HTTP/1.1 200 OK"
2026-05-13 23:12:49,451 - httpx - INFO - HTTP Request: POST https://dashscope.aliyuncs.com/compatible-mode/v1/chat/completions "HTTP/1.1 200 OK"
2026-05-13 23:12:58,799 - httpx - INFO - HTTP Request: POST https://dashscope.aliyuncs.com/compatible-mode/v1/chat/completions "HTTP/1.1 200 OK"
2026-05-13 23:13:09,307 - httpx - INFO - HTTP Request: POST https://dashscope.aliyuncs.com/compatible-mode/v1/chat/completions "HTTP/1.1 200 OK"
2026-05-13 23:13:09,309 - utils.logger - INFO - 第五步：分析股票
2026-05-13 23:13:16,454 - utils.logger - INFO - 第六步：生成报告
2026-05-13 23:13:16,458 - utils.logger - INFO - 第七步：转换为PNG和PDF
2026-05-13 23:13:16,560 - utils.logger - INFO - 第八步：发送邮件
2026-05-13 23:13:17,892 - utils.logger - INFO - 每日选股分析任务完成
2026-05-13 23:15:24,140 - utils.logger - INFO - 开始执行每日选股分析任务
2026-05-13 23:15:24,140 - utils.logger - INFO - 第一步：获取权威时间
2026-05-13 23:15:24,685 - utils.logger - INFO - 第二步：获取市场数据
2026-05-13 23:15:38,783 - utils.logger - INFO - 第三步：处理数据
2026-05-13 23:15:38,784 - utils.logger - INFO - 第四步：AI增强分析
2026-05-13 23:15:46,282 - httpx - INFO - HTTP Request: POST https://dashscope.aliyuncs.com/compatible-mode/v1/chat/completions "HTTP/1.1 200 OK"
2026-05-13 23:16:00,133 - httpx - INFO - HTTP Request: POST https://dashscope.aliyuncs.com/compatible-mode/v1/chat/completions "HTTP/1.1 200 OK"
2026-05-13 23:16:09,599 - httpx - INFO - HTTP Request: POST https://dashscope.aliyuncs.com/compatible-mode/v1/chat/completions "HTTP/1.1 200 OK"
2026-05-13 23:16:22,351 - httpx - INFO - HTTP Request: POST https://dashscope.aliyuncs.com/compatible-mode/v1/chat/completions "HTTP/1.1 200 OK"
2026-05-13 23:16:29,555 - httpx - INFO - HTTP Request: POST https://dashscope.aliyuncs.com/compatible-mode/v1/chat/completions "HTTP/1.1 200 OK"
2026-05-13 23:16:41,375 - httpx - INFO - HTTP Request: POST https://dashscope.aliyuncs.com/compatible-mode/v1/chat/completions "HTTP/1.1 200 OK"
2026-05-13 23:16:51,052 - httpx - INFO - HTTP Request: POST https://dashscope.aliyuncs.com/compatible-mode/v1/chat/completions "HTTP/1.1 200 OK"
2026-05-13 23:17:04,007 - httpx - INFO - HTTP Request: POST https://dashscope.aliyuncs.com/compatible-mode/v1/chat/completions "HTTP/1.1 200 OK"
2026-05-13 23:17:27,670 - httpx - INFO - HTTP Request: POST https://dashscope.aliyuncs.com/compatible-mode/v1/chat/completions "HTTP/1.1 200 OK"
2026-05-13 23:17:47,121 - httpx - INFO - HTTP Request: POST https://dashscope.aliyuncs.com/compatible-mode/v1/chat/completions "HTTP/1.1 200 OK"
2026-05-13 23:17:50,745 - httpx - INFO - HTTP Request: POST https://dashscope.aliyuncs.com/compatible-mode/v1/chat/completions "HTTP/1.1 200 OK"
2026-05-13 23:17:55,899 - httpx - INFO - HTTP Request: POST https://dashscope.aliyuncs.com/compatible-mode/v1/chat/completions "HTTP/1.1 200 OK"
2026-05-13 23:18:01,905 - httpx - INFO - HTTP Request: POST https://dashscope.aliyuncs.com/compatible-mode/v1/chat/completions "HTTP/1.1 200 OK"
2026-05-13 23:18:10,449 - httpx - INFO - HTTP Request: POST https://dashscope.aliyuncs.com/compatible-mode/v1/chat/completions "HTTP/1.1 200 OK"
2026-05-13 23:18:14,816 - httpx - INFO - HTTP Request: POST https://dashscope.aliyuncs.com/compatible-mode/v1/chat/completions "HTTP/1.1 200 OK"
2026-05-13 23:18:22,570 - httpx - INFO - HTTP Request: POST https://dashscope.aliyuncs.com/compatible-mode/v1/chat/completions "HTTP/1.1 200 OK"
2026-05-13 23:18:33,535 - httpx - INFO - HTTP Request: POST https://dashscope.aliyuncs.com/compatible-mode/v1/chat/completions "HTTP/1.1 200 OK"
2026-05-13 23:18:43,839 - httpx - INFO - HTTP Request: POST https://dashscope.aliyuncs.com/compatible-mode/v1/chat/completions "HTTP/1.1 200 OK"
2026-05-13 23:18:55,242 - httpx - INFO - HTTP Request: POST https://dashscope.aliyuncs.com/compatible-mode/v1/chat/completions "HTTP/1.1 200 OK"
2026-05-13 23:19:06,506 - httpx - INFO - HTTP Request: POST https://dashscope.aliyuncs.com/compatible-mode/v1/chat/completions "HTTP/1.1 200 OK"
2026-05-13 23:19:13,029 - httpx - INFO - HTTP Request: POST https://dashscope.aliyuncs.com/compatible-mode/v1/chat/completions "HTTP/1.1 200 OK"
2026-05-13 23:19:13,031 - utils.logger - INFO - 第五步：分析股票
2026-05-13 23:19:20,242 - utils.logger - INFO - 第六步：生成报告
2026-05-13 23:19:20,246 - utils.logger - INFO - 第七步：转换为PNG和PDF
2026-05-13 23:19:20,362 - utils.logger - INFO - 第八步：发送邮件
2026-05-13 23:19:21,679 - utils.logger - INFO - 每日选股分析任务完成
2026-05-13 23:30:09,789 - utils.logger - INFO - 开始执行每日选股分析任务
2026-05-13 23:30:09,789 - utils.logger - INFO - 第一步：获取权威时间
2026-05-13 23:30:10,343 - utils.logger - INFO - 第二步：获取市场数据
2026-05-13 23:30:24,302 - utils.logger - INFO - 第三步：处理数据
2026-05-13 23:30:24,302 - utils.logger - INFO - 第四步：AI增强分析
2026-05-13 23:30:34,613 - httpx - INFO - HTTP Request: POST https://dashscope.aliyuncs.com/compatible-mode/v1/chat/completions "HTTP/1.1 200 OK"
2026-05-13 23:30:42,678 - httpx - INFO - HTTP Request: POST https://dashscope.aliyuncs.com/compatible-mode/v1/chat/completions "HTTP/1.1 200 OK"
2026-05-13 23:30:54,543 - httpx - INFO - HTTP Request: POST https://dashscope.aliyuncs.com/compatible-mode/v1/chat/completions "HTTP/1.1 200 OK"
2026-05-13 23:31:08,698 - httpx - INFO - HTTP Request: POST https://dashscope.aliyuncs.com/compatible-mode/v1/chat/completions "HTTP/1.1 200 OK"
2026-05-13 23:31:21,117 - httpx - INFO - HTTP Request: POST https://dashscope.aliyuncs.com/compatible-mode/v1/chat/completions "HTTP/1.1 200 OK"
2026-05-13 23:31:34,690 - httpx - INFO - HTTP Request: POST https://dashscope.aliyuncs.com/compatible-mode/v1/chat/completions "HTTP/1.1 200 OK"
2026-05-13 23:31:47,637 - httpx - INFO - HTTP Request: POST https://dashscope.aliyuncs.com/compatible-mode/v1/chat/completions "HTTP/1.1 200 OK"
2026-05-13 23:31:53,926 - httpx - INFO - HTTP Request: POST https://dashscope.aliyuncs.com/compatible-mode/v1/chat/completions "HTTP/1.1 200 OK"
2026-05-13 23:32:05,795 - httpx - INFO - HTTP Request: POST https://dashscope.aliyuncs.com/compatible-mode/v1/chat/completions "HTTP/1.1 200 OK"
2026-05-13 23:32:29,204 - httpx - INFO - HTTP Request: POST https://dashscope.aliyuncs.com/compatible-mode/v1/chat/completions "HTTP/1.1 200 OK"
2026-05-13 23:32:35,856 - httpx - INFO - HTTP Request: POST https://dashscope.aliyuncs.com/compatible-mode/v1/chat/completions "HTTP/1.1 200 OK"
2026-05-13 23:32:42,379 - httpx - INFO - HTTP Request: POST https://dashscope.aliyuncs.com/compatible-mode/v1/chat/completions "HTTP/1.1 200 OK"
2026-05-13 23:32:48,924 - httpx - INFO - HTTP Request: POST https://dashscope.aliyuncs.com/compatible-mode/v1/chat/completions "HTTP/1.1 200 OK"
2026-05-13 23:32:53,436 - httpx - INFO - HTTP Request: POST https://dashscope.aliyuncs.com/compatible-mode/v1/chat/completions "HTTP/1.1 200 OK"
2026-05-13 23:33:05,110 - httpx - INFO - HTTP Request: POST https://dashscope.aliyuncs.com/compatible-mode/v1/chat/completions "HTTP/1.1 200 OK"
2026-05-13 23:33:14,052 - httpx - INFO - HTTP Request: POST https://dashscope.aliyuncs.com/compatible-mode/v1/chat/completions "HTTP/1.1 200 OK"
2026-05-13 23:33:21,282 - httpx - INFO - HTTP Request: POST https://dashscope.aliyuncs.com/compatible-mode/v1/chat/completions "HTTP/1.1 200 OK"
2026-05-13 23:33:31,047 - httpx - INFO - HTTP Request: POST https://dashscope.aliyuncs.com/compatible-mode/v1/chat/completions "HTTP/1.1 200 OK"
2026-05-13 23:33:39,075 - httpx - INFO - HTTP Request: POST https://dashscope.aliyuncs.com/compatible-mode/v1/chat/completions "HTTP/1.1 200 OK"
2026-05-13 23:33:46,873 - httpx - INFO - HTTP Request: POST https://dashscope.aliyuncs.com/compatible-mode/v1/chat/completions "HTTP/1.1 200 OK"
2026-05-13 23:33:58,306 - httpx - INFO - HTTP Request: POST https://dashscope.aliyuncs.com/compatible-mode/v1/chat/completions "HTTP/1.1 200 OK"
2026-05-13 23:33:58,307 - utils.logger - INFO - 第五步：分析股票
2026-05-13 23:34:04,402 - utils.logger - INFO - 第六步：生成报告
2026-05-13 23:34:04,406 - utils.logger - INFO - 第七步：转换为PNG和PDF
2026-05-13 23:34:04,515 - utils.logger - INFO - 第八步：发送邮件
2026-05-13 23:34:05,795 - utils.logger - INFO - 每日选股分析任务完成
2026-05-13 23:38:13,833 - utils.logger - INFO - 开始执行每日选股分析任务
2026-05-13 23:38:13,834 - utils.logger - INFO - 第一步：获取权威时间
2026-05-13 23:38:14,311 - utils.logger - INFO - 第二步：获取市场数据
2026-05-13 23:38:28,688 - utils.logger - INFO - 第三步：处理数据
2026-05-13 23:38:28,688 - utils.logger - INFO - 第四步：AI增强分析
2026-05-13 23:38:39,218 - httpx - INFO - HTTP Request: POST https://dashscope.aliyuncs.com/compatible-mode/v1/chat/completions "HTTP/1.1 200 OK"
2026-05-13 23:38:46,451 - httpx - INFO - HTTP Request: POST https://dashscope.aliyuncs.com/compatible-mode/v1/chat/completions "HTTP/1.1 200 OK"
2026-05-13 23:38:55,797 - httpx - INFO - HTTP Request: POST https://dashscope.aliyuncs.com/compatible-mode/v1/chat/completions "HTTP/1.1 200 OK"
2026-05-13 23:39:09,270 - httpx - INFO - HTTP Request: POST https://dashscope.aliyuncs.com/compatible-mode/v1/chat/completions "HTTP/1.1 200 OK"
2026-05-13 23:39:23,475 - httpx - INFO - HTTP Request: POST https://dashscope.aliyuncs.com/compatible-mode/v1/chat/completions "HTTP/1.1 200 OK"
2026-05-13 23:39:32,708 - httpx - INFO - HTTP Request: POST https://dashscope.aliyuncs.com/compatible-mode/v1/chat/completions "HTTP/1.1 200 OK"
2026-05-13 23:39:45,723 - httpx - INFO - HTTP Request: POST https://dashscope.aliyuncs.com/compatible-mode/v1/chat/completions "HTTP/1.1 200 OK"
2026-05-13 23:39:56,060 - httpx - INFO - HTTP Request: POST https://dashscope.aliyuncs.com/compatible-mode/v1/chat/completions "HTTP/1.1 200 OK"
2026-05-13 23:40:08,083 - httpx - INFO - HTTP Request: POST https://dashscope.aliyuncs.com/compatible-mode/v1/chat/completions "HTTP/1.1 200 OK"
2026-05-13 23:40:32,486 - httpx - INFO - HTTP Request: POST https://dashscope.aliyuncs.com/compatible-mode/v1/chat/completions "HTTP/1.1 200 OK"
2026-05-13 23:40:37,306 - httpx - INFO - HTTP Request: POST https://dashscope.aliyuncs.com/compatible-mode/v1/chat/completions "HTTP/1.1 200 OK"
2026-05-13 23:40:47,034 - httpx - INFO - HTTP Request: POST https://dashscope.aliyuncs.com/compatible-mode/v1/chat/completions "HTTP/1.1 200 OK"
2026-05-13 23:40:57,212 - httpx - INFO - HTTP Request: POST https://dashscope.aliyuncs.com/compatible-mode/v1/chat/completions "HTTP/1.1 200 OK"
2026-05-13 23:41:04,828 - httpx - INFO - HTTP Request: POST https://dashscope.aliyuncs.com/compatible-mode/v1/chat/completions "HTTP/1.1 200 OK"
2026-05-13 23:41:18,889 - httpx - INFO - HTTP Request: POST https://dashscope.aliyuncs.com/compatible-mode/v1/chat/completions "HTTP/1.1 200 OK"
2026-05-13 23:41:26,493 - httpx - INFO - HTTP Request: POST https://dashscope.aliyuncs.com/compatible-mode/v1/chat/completions "HTTP/1.1 200 OK"
2026-05-13 23:41:37,499 - httpx - INFO - HTTP Request: POST https://dashscope.aliyuncs.com/compatible-mode/v1/chat/completions "HTTP/1.1 200 OK"
2026-05-13 23:41:41,977 - httpx - INFO - HTTP Request: POST https://dashscope.aliyuncs.com/compatible-mode/v1/chat/completions "HTTP/1.1 200 OK"
2026-05-13 23:41:51,003 - httpx - INFO - HTTP Request: POST https://dashscope.aliyuncs.com/compatible-mode/v1/chat/completions "HTTP/1.1 200 OK"
2026-05-13 23:41:59,635 - httpx - INFO - HTTP Request: POST https://dashscope.aliyuncs.com/compatible-mode/v1/chat/completions "HTTP/1.1 200 OK"
2026-05-13 23:42:11,984 - httpx - INFO - HTTP Request: POST https://dashscope.aliyuncs.com/compatible-mode/v1/chat/completions "HTTP/1.1 200 OK"
2026-05-13 23:42:11,986 - utils.logger - INFO - 第五步：分析股票
2026-05-13 23:42:18,923 - utils.logger - INFO - 第六步：生成报告
2026-05-13 23:42:18,927 - utils.logger - INFO - 第七步：转换为PNG和PDF
2026-05-13 23:42:19,036 - utils.logger - INFO - 第八步：发送邮件
2026-05-13 23:42:20,264 - utils.logger - INFO - 每日选股分析任务完成
2026-05-13 23:52:15,833 - utils.logger - INFO - 开始执行每日选股分析任务
2026-05-13 23:52:15,834 - utils.logger - INFO - 第一步：获取权威时间
2026-05-13 23:52:16,259 - utils.logger - INFO - 第二步：获取市场数据
2026-05-13 23:52:30,208 - utils.logger - INFO - 第三步：处理数据
2026-05-13 23:52:30,209 - utils.logger - INFO - 第四步：AI增强分析
2026-05-13 23:52:40,104 - httpx - INFO - HTTP Request: POST https://dashscope.aliyuncs.com/compatible-mode/v1/chat/completions "HTTP/1.1 200 OK"
2026-05-13 23:52:51,282 - httpx - INFO - HTTP Request: POST https://dashscope.aliyuncs.com/compatible-mode/v1/chat/completions "HTTP/1.1 200 OK"
2026-05-13 23:52:57,426 - httpx - INFO - HTTP Request: POST https://dashscope.aliyuncs.com/compatible-mode/v1/chat/completions "HTTP/1.1 200 OK"
2026-05-13 23:53:14,413 - httpx - INFO - HTTP Request: POST https://dashscope.aliyuncs.com/compatible-mode/v1/chat/completions "HTTP/1.1 200 OK"
2026-05-13 23:53:23,478 - httpx - INFO - HTTP Request: POST https://dashscope.aliyuncs.com/compatible-mode/v1/chat/completions "HTTP/1.1 200 OK"
2026-05-13 23:53:34,280 - httpx - INFO - HTTP Request: POST https://dashscope.aliyuncs.com/compatible-mode/v1/chat/completions "HTTP/1.1 200 OK"
2026-05-13 23:53:43,120 - httpx - INFO - HTTP Request: POST https://dashscope.aliyuncs.com/compatible-mode/v1/chat/completions "HTTP/1.1 200 OK"
2026-05-13 23:53:50,364 - httpx - INFO - HTTP Request: POST https://dashscope.aliyuncs.com/compatible-mode/v1/chat/completions "HTTP/1.1 200 OK"
2026-05-13 23:54:00,799 - httpx - INFO - HTTP Request: POST https://dashscope.aliyuncs.com/compatible-mode/v1/chat/completions "HTTP/1.1 200 OK"
2026-05-13 23:54:20,628 - httpx - INFO - HTTP Request: POST https://dashscope.aliyuncs.com/compatible-mode/v1/chat/completions "HTTP/1.1 200 OK"
2026-05-13 23:54:42,614 - httpx - INFO - HTTP Request: POST https://dashscope.aliyuncs.com/compatible-mode/v1/chat/completions "HTTP/1.1 200 OK"
2026-05-13 23:55:03,628 - httpx - INFO - HTTP Request: POST https://dashscope.aliyuncs.com/compatible-mode/v1/chat/completions "HTTP/1.1 200 OK"
2026-05-13 23:55:11,925 - httpx - INFO - HTTP Request: POST https://dashscope.aliyuncs.com/compatible-mode/v1/chat/completions "HTTP/1.1 200 OK"
2026-05-13 23:55:22,107 - httpx - INFO - HTTP Request: POST https://dashscope.aliyuncs.com/compatible-mode/v1/chat/completions "HTTP/1.1 200 OK"
2026-05-13 23:55:27,698 - httpx - INFO - HTTP Request: POST https://dashscope.aliyuncs.com/compatible-mode/v1/chat/completions "HTTP/1.1 200 OK"
2026-05-13 23:55:36,617 - httpx - INFO - HTTP Request: POST https://dashscope.aliyuncs.com/compatible-mode/v1/chat/completions "HTTP/1.1 200 OK"
2026-05-13 23:55:47,791 - httpx - INFO - HTTP Request: POST https://dashscope.aliyuncs.com/compatible-mode/v1/chat/completions "HTTP/1.1 200 OK"
2026-05-13 23:56:02,577 - httpx - INFO - HTTP Request: POST https://dashscope.aliyuncs.com/compatible-mode/v1/chat/completions "HTTP/1.1 200 OK"
2026-05-13 23:56:13,191 - httpx - INFO - HTTP Request: POST https://dashscope.aliyuncs.com/compatible-mode/v1/chat/completions "HTTP/1.1 200 OK"
2026-05-13 23:56:17,306 - httpx - INFO - HTTP Request: POST https://dashscope.aliyuncs.com/compatible-mode/v1/chat/completions "HTTP/1.1 200 OK"
2026-05-13 23:56:25,028 - httpx - INFO - HTTP Request: POST https://dashscope.aliyuncs.com/compatible-mode/v1/chat/completions "HTTP/1.1 200 OK"
2026-05-13 23:56:35,088 - httpx - INFO - HTTP Request: POST https://dashscope.aliyuncs.com/compatible-mode/v1/chat/completions "HTTP/1.1 200 OK"
2026-05-13 23:56:45,092 - httpx - INFO - HTTP Request: POST https://dashscope.aliyuncs.com/compatible-mode/v1/chat/completions "HTTP/1.1 200 OK"
2026-05-13 23:56:45,093 - utils.logger - INFO - 第五步：分析股票
2026-05-13 23:56:52,749 - utils.logger - INFO - 第六步：生成报告
2026-05-13 23:56:52,753 - utils.logger - INFO - 第七步：转换为PNG和PDF
2026-05-13 23:56:52,866 - utils.logger - INFO - 第八步：发送邮件
2026-05-13 23:56:54,476 - utils.logger - INFO - 每日选股分析任务完成
2026-05-14 00:10:02,191 - utils.logger - INFO - 开始执行每日选股分析任务
2026-05-14 00:10:02,191 - utils.logger - INFO - 第一步：获取权威时间
2026-05-14 00:10:02,645 - utils.logger - INFO - 第二步：获取市场数据
2026-05-14 00:10:16,583 - utils.logger - INFO - 第三步：处理数据
2026-05-14 00:10:16,583 - utils.logger - INFO - 第四步：AI增强分析
2026-05-14 00:10:23,921 - httpx - INFO - HTTP Request: POST https://dashscope.aliyuncs.com/compatible-mode/v1/chat/completions "HTTP/1.1 200 OK"
2026-05-14 00:10:30,327 - httpx - INFO - HTTP Request: POST https://dashscope.aliyuncs.com/compatible-mode/v1/chat/completions "HTTP/1.1 200 OK"
2026-05-14 00:10:38,916 - httpx - INFO - HTTP Request: POST https://dashscope.aliyuncs.com/compatible-mode/v1/chat/completions "HTTP/1.1 200 OK"
2026-05-14 00:10:48,035 - httpx - INFO - HTTP Request: POST https://dashscope.aliyuncs.com/compatible-mode/v1/chat/completions "HTTP/1.1 200 OK"
2026-05-14 00:10:54,493 - httpx - INFO - HTTP Request: POST https://dashscope.aliyuncs.com/compatible-mode/v1/chat/completions "HTTP/1.1 200 OK"
2026-05-14 00:11:03,424 - httpx - INFO - HTTP Request: POST https://dashscope.aliyuncs.com/compatible-mode/v1/chat/completions "HTTP/1.1 200 OK"
2026-05-14 00:11:11,124 - httpx - INFO - HTTP Request: POST https://dashscope.aliyuncs.com/compatible-mode/v1/chat/completions "HTTP/1.1 200 OK"
2026-05-14 00:11:19,650 - httpx - INFO - HTTP Request: POST https://dashscope.aliyuncs.com/compatible-mode/v1/chat/completions "HTTP/1.1 200 OK"
2026-05-14 00:11:46,483 - httpx - INFO - HTTP Request: POST https://dashscope.aliyuncs.com/compatible-mode/v1/chat/completions "HTTP/1.1 200 OK"
2026-05-14 00:12:06,062 - httpx - INFO - HTTP Request: POST https://dashscope.aliyuncs.com/compatible-mode/v1/chat/completions "HTTP/1.1 200 OK"
2026-05-14 00:12:13,410 - httpx - INFO - HTTP Request: POST https://dashscope.aliyuncs.com/compatible-mode/v1/chat/completions "HTTP/1.1 200 OK"
2026-05-14 00:12:18,231 - httpx - INFO - HTTP Request: POST https://dashscope.aliyuncs.com/compatible-mode/v1/chat/completions "HTTP/1.1 200 OK"
2026-05-14 00:12:25,645 - httpx - INFO - HTTP Request: POST https://dashscope.aliyuncs.com/compatible-mode/v1/chat/completions "HTTP/1.1 200 OK"
2026-05-14 00:12:31,435 - httpx - INFO - HTTP Request: POST https://dashscope.aliyuncs.com/compatible-mode/v1/chat/completions "HTTP/1.1 200 OK"
2026-05-14 00:12:34,606 - httpx - INFO - HTTP Request: POST https://dashscope.aliyuncs.com/compatible-mode/v1/chat/completions "HTTP/1.1 200 OK"
2026-05-14 00:12:44,377 - httpx - INFO - HTTP Request: POST https://dashscope.aliyuncs.com/compatible-mode/v1/chat/completions "HTTP/1.1 200 OK"
2026-05-14 00:12:53,504 - httpx - INFO - HTTP Request: POST https://dashscope.aliyuncs.com/compatible-mode/v1/chat/completions "HTTP/1.1 200 OK"
2026-05-14 00:13:02,740 - httpx - INFO - HTTP Request: POST https://dashscope.aliyuncs.com/compatible-mode/v1/chat/completions "HTTP/1.1 200 OK"
2026-05-14 00:13:06,918 - httpx - INFO - HTTP Request: POST https://dashscope.aliyuncs.com/compatible-mode/v1/chat/completions "HTTP/1.1 200 OK"
2026-05-14 00:13:17,959 - httpx - INFO - HTTP Request: POST https://dashscope.aliyuncs.com/compatible-mode/v1/chat/completions "HTTP/1.1 200 OK"
2026-05-14 00:13:26,140 - httpx - INFO - HTTP Request: POST https://dashscope.aliyuncs.com/compatible-mode/v1/chat/completions "HTTP/1.1 200 OK"
2026-05-14 00:13:26,141 - utils.logger - INFO - 第五步：分析股票
2026-05-14 00:13:33,225 - utils.logger - INFO - 第六步：生成报告
2026-05-14 00:13:33,242 - utils.logger - INFO - 第七步：转换为PNG和PDF
2026-05-14 00:13:33,406 - utils.logger - INFO - 第八步：发送邮件
2026-05-14 00:13:34,716 - utils.logger - INFO - 每日选股分析任务完成
2026-05-14 00:23:23,767 - utils.logger - INFO - 开始执行每日选股分析任务
2026-05-14 00:23:23,768 - utils.logger - INFO - 第一步：获取权威时间
2026-05-14 00:23:24,243 - utils.logger - INFO - 第二步：获取市场数据
2026-05-14 00:23:38,269 - utils.logger - INFO - 第三步：处理数据
2026-05-14 00:23:38,269 - utils.logger - INFO - 第四步：AI增强分析
2026-05-14 00:23:48,836 - httpx - INFO - HTTP Request: POST https://dashscope.aliyuncs.com/compatible-mode/v1/chat/completions "HTTP/1.1 200 OK"
2026-05-14 00:23:52,765 - httpx - INFO - HTTP Request: POST https://dashscope.aliyuncs.com/compatible-mode/v1/chat/completions "HTTP/1.1 200 OK"
2026-05-14 00:24:02,438 - httpx - INFO - HTTP Request: POST https://dashscope.aliyuncs.com/compatible-mode/v1/chat/completions "HTTP/1.1 200 OK"
2026-05-14 00:24:15,422 - httpx - INFO - HTTP Request: POST https://dashscope.aliyuncs.com/compatible-mode/v1/chat/completions "HTTP/1.1 200 OK"
2026-05-14 00:24:21,477 - httpx - INFO - HTTP Request: POST https://dashscope.aliyuncs.com/compatible-mode/v1/chat/completions "HTTP/1.1 200 OK"
2026-05-14 00:24:29,784 - httpx - INFO - HTTP Request: POST https://dashscope.aliyuncs.com/compatible-mode/v1/chat/completions "HTTP/1.1 200 OK"
2026-05-14 00:24:36,530 - httpx - INFO - HTTP Request: POST https://dashscope.aliyuncs.com/compatible-mode/v1/chat/completions "HTTP/1.1 200 OK"
2026-05-14 00:24:44,565 - httpx - INFO - HTTP Request: POST https://dashscope.aliyuncs.com/compatible-mode/v1/chat/completions "HTTP/1.1 200 OK"
2026-05-14 00:25:11,132 - httpx - INFO - HTTP Request: POST https://dashscope.aliyuncs.com/compatible-mode/v1/chat/completions "HTTP/1.1 200 OK"
2026-05-14 00:25:31,854 - httpx - INFO - HTTP Request: POST https://dashscope.aliyuncs.com/compatible-mode/v1/chat/completions "HTTP/1.1 200 OK"
2026-05-14 00:25:40,934 - httpx - INFO - HTTP Request: POST https://dashscope.aliyuncs.com/compatible-mode/v1/chat/completions "HTTP/1.1 200 OK"
2026-05-14 00:25:50,332 - httpx - INFO - HTTP Request: POST https://dashscope.aliyuncs.com/compatible-mode/v1/chat/completions "HTTP/1.1 200 OK"
2026-05-14 00:25:58,753 - httpx - INFO - HTTP Request: POST https://dashscope.aliyuncs.com/compatible-mode/v1/chat/completions "HTTP/1.1 200 OK"
2026-05-14 00:26:07,679 - httpx - INFO - HTTP Request: POST https://dashscope.aliyuncs.com/compatible-mode/v1/chat/completions "HTTP/1.1 200 OK"
2026-05-14 00:26:18,513 - httpx - INFO - HTTP Request: POST https://dashscope.aliyuncs.com/compatible-mode/v1/chat/completions "HTTP/1.1 200 OK"
2026-05-14 00:26:22,665 - httpx - INFO - HTTP Request: POST https://dashscope.aliyuncs.com/compatible-mode/v1/chat/completions "HTTP/1.1 200 OK"
2026-05-14 00:26:27,143 - httpx - INFO - HTTP Request: POST https://dashscope.aliyuncs.com/compatible-mode/v1/chat/completions "HTTP/1.1 200 OK"
2026-05-14 00:26:31,847 - httpx - INFO - HTTP Request: POST https://dashscope.aliyuncs.com/compatible-mode/v1/chat/completions "HTTP/1.1 200 OK"
2026-05-14 00:26:41,282 - httpx - INFO - HTTP Request: POST https://dashscope.aliyuncs.com/compatible-mode/v1/chat/completions "HTTP/1.1 200 OK"
2026-05-14 00:26:47,001 - httpx - INFO - HTTP Request: POST https://dashscope.aliyuncs.com/compatible-mode/v1/chat/completions "HTTP/1.1 200 OK"
2026-05-14 00:26:55,830 - httpx - INFO - HTTP Request: POST https://dashscope.aliyuncs.com/compatible-mode/v1/chat/completions "HTTP/1.1 200 OK"
2026-05-14 00:26:55,832 - utils.logger - INFO - 第五步：分析股票
2026-05-14 00:27:01,941 - utils.logger - INFO - 第六步：生成报告
2026-05-14 00:27:01,945 - utils.logger - INFO - 第七步：转换为PNG和PDF
2026-05-14 00:27:02,063 - utils.logger - INFO - 第八步：发送邮件
2026-05-14 00:27:03,415 - utils.logger - INFO - 每日选股分析任务完成
2026-05-14 00:30:35,595 - utils.logger - INFO - 开始执行每日选股分析任务
2026-05-14 00:30:35,596 - utils.logger - INFO - 第一步：获取权威时间
2026-05-14 00:30:36,048 - utils.logger - INFO - 第二步：获取市场数据
2026-05-14 00:30:50,140 - utils.logger - INFO - 第三步：处理数据
2026-05-14 00:30:50,140 - utils.logger - INFO - 第四步：AI增强分析
2026-05-14 00:30:56,636 - httpx - INFO - HTTP Request: POST https://dashscope.aliyuncs.com/compatible-mode/v1/chat/completions "HTTP/1.1 200 OK"
2026-05-14 00:31:05,360 - httpx - INFO - HTTP Request: POST https://dashscope.aliyuncs.com/compatible-mode/v1/chat/completions "HTTP/1.1 200 OK"
2026-05-14 00:31:12,992 - httpx - INFO - HTTP Request: POST https://dashscope.aliyuncs.com/compatible-mode/v1/chat/completions "HTTP/1.1 200 OK"
2026-05-14 00:31:22,705 - httpx - INFO - HTTP Request: POST https://dashscope.aliyuncs.com/compatible-mode/v1/chat/completions "HTTP/1.1 200 OK"
2026-05-14 00:31:31,445 - httpx - INFO - HTTP Request: POST https://dashscope.aliyuncs.com/compatible-mode/v1/chat/completions "HTTP/1.1 200 OK"
2026-05-14 00:31:39,199 - httpx - INFO - HTTP Request: POST https://dashscope.aliyuncs.com/compatible-mode/v1/chat/completions "HTTP/1.1 200 OK"
2026-05-14 00:31:54,152 - httpx - INFO - HTTP Request: POST https://dashscope.aliyuncs.com/compatible-mode/v1/chat/completions "HTTP/1.1 200 OK"
2026-05-14 00:31:59,875 - httpx - INFO - HTTP Request: POST https://dashscope.aliyuncs.com/compatible-mode/v1/chat/completions "HTTP/1.1 200 OK"
2026-05-14 00:32:30,248 - httpx - INFO - HTTP Request: POST https://dashscope.aliyuncs.com/compatible-mode/v1/chat/completions "HTTP/1.1 200 OK"
2026-05-14 00:32:51,510 - httpx - INFO - HTTP Request: POST https://dashscope.aliyuncs.com/compatible-mode/v1/chat/completions "HTTP/1.1 200 OK"
2026-05-14 00:33:01,440 - httpx - INFO - HTTP Request: POST https://dashscope.aliyuncs.com/compatible-mode/v1/chat/completions "HTTP/1.1 200 OK"
2026-05-14 00:33:09,125 - httpx - INFO - HTTP Request: POST https://dashscope.aliyuncs.com/compatible-mode/v1/chat/completions "HTTP/1.1 200 OK"
2026-05-14 00:33:17,381 - httpx - INFO - HTTP Request: POST https://dashscope.aliyuncs.com/compatible-mode/v1/chat/completions "HTTP/1.1 200 OK"
2026-05-14 00:33:26,092 - httpx - INFO - HTTP Request: POST https://dashscope.aliyuncs.com/compatible-mode/v1/chat/completions "HTTP/1.1 200 OK"
2026-05-14 00:33:35,807 - httpx - INFO - HTTP Request: POST https://dashscope.aliyuncs.com/compatible-mode/v1/chat/completions "HTTP/1.1 200 OK"
2026-05-14 00:33:40,613 - httpx - INFO - HTTP Request: POST https://dashscope.aliyuncs.com/compatible-mode/v1/chat/completions "HTTP/1.1 200 OK"
2026-05-14 00:33:48,269 - httpx - INFO - HTTP Request: POST https://dashscope.aliyuncs.com/compatible-mode/v1/chat/completions "HTTP/1.1 200 OK"
2026-05-14 00:33:54,547 - httpx - INFO - HTTP Request: POST https://dashscope.aliyuncs.com/compatible-mode/v1/chat/completions "HTTP/1.1 200 OK"
2026-05-14 00:33:59,878 - httpx - INFO - HTTP Request: POST https://dashscope.aliyuncs.com/compatible-mode/v1/chat/completions "HTTP/1.1 200 OK"
2026-05-14 00:34:10,352 - httpx - INFO - HTTP Request: POST https://dashscope.aliyuncs.com/compatible-mode/v1/chat/completions "HTTP/1.1 200 OK"
2026-05-14 00:34:15,665 - httpx - INFO - HTTP Request: POST https://dashscope.aliyuncs.com/compatible-mode/v1/chat/completions "HTTP/1.1 200 OK"
2026-05-14 00:34:15,666 - utils.logger - INFO - 第五步：分析股票
2026-05-14 00:34:22,468 - utils.logger - INFO - 第六步：生成报告
2026-05-14 00:34:22,472 - utils.logger - INFO - 第七步：转换为PNG和PDF
2026-05-14 00:34:22,573 - utils.logger - INFO - 第八步：发送邮件
2026-05-14 00:34:23,827 - utils.logger - INFO - 每日选股分析任务完成
2026-05-14 00:38:53,953 - utils.logger - INFO - 开始执行每日选股分析任务
2026-05-14 00:38:53,953 - utils.logger - INFO - 第一步：获取权威时间
2026-05-14 00:38:54,459 - utils.logger - INFO - 第二步：获取市场数据
2026-05-14 00:39:08,625 - utils.logger - INFO - 第三步：处理数据
2026-05-14 00:39:08,625 - utils.logger - INFO - 第四步：AI增强分析
2026-05-14 00:39:16,257 - httpx - INFO - HTTP Request: POST https://dashscope.aliyuncs.com/compatible-mode/v1/chat/completions "HTTP/1.1 200 OK"
2026-05-14 00:39:22,967 - httpx - INFO - HTTP Request: POST https://dashscope.aliyuncs.com/compatible-mode/v1/chat/completions "HTTP/1.1 200 OK"
2026-05-14 00:39:33,037 - httpx - INFO - HTTP Request: POST https://dashscope.aliyuncs.com/compatible-mode/v1/chat/completions "HTTP/1.1 200 OK"
2026-05-14 00:39:42,927 - httpx - INFO - HTTP Request: POST https://dashscope.aliyuncs.com/compatible-mode/v1/chat/completions "HTTP/1.1 200 OK"
2026-05-14 00:39:50,150 - httpx - INFO - HTTP Request: POST https://dashscope.aliyuncs.com/compatible-mode/v1/chat/completions "HTTP/1.1 200 OK"
2026-05-14 00:39:57,780 - httpx - INFO - HTTP Request: POST https://dashscope.aliyuncs.com/compatible-mode/v1/chat/completions "HTTP/1.1 200 OK"
2026-05-14 00:40:08,738 - httpx - INFO - HTTP Request: POST https://dashscope.aliyuncs.com/compatible-mode/v1/chat/completions "HTTP/1.1 200 OK"
2026-05-14 00:40:16,540 - httpx - INFO - HTTP Request: POST https://dashscope.aliyuncs.com/compatible-mode/v1/chat/completions "HTTP/1.1 200 OK"
2026-05-14 00:40:36,070 - httpx - INFO - HTTP Request: POST https://dashscope.aliyuncs.com/compatible-mode/v1/chat/completions "HTTP/1.1 200 OK"
2026-05-14 00:40:54,617 - httpx - INFO - HTTP Request: POST https://dashscope.aliyuncs.com/compatible-mode/v1/chat/completions "HTTP/1.1 200 OK"
2026-05-14 00:40:58,595 - httpx - INFO - HTTP Request: POST https://dashscope.aliyuncs.com/compatible-mode/v1/chat/completions "HTTP/1.1 200 OK"
2026-05-14 00:41:02,817 - httpx - INFO - HTTP Request: POST https://dashscope.aliyuncs.com/compatible-mode/v1/chat/completions "HTTP/1.1 200 OK"
2026-05-14 00:41:08,158 - httpx - INFO - HTTP Request: POST https://dashscope.aliyuncs.com/compatible-mode/v1/chat/completions "HTTP/1.1 200 OK"
2026-05-14 00:41:14,041 - httpx - INFO - HTTP Request: POST https://dashscope.aliyuncs.com/compatible-mode/v1/chat/completions "HTTP/1.1 200 OK"
2026-05-14 00:41:20,868 - httpx - INFO - HTTP Request: POST https://dashscope.aliyuncs.com/compatible-mode/v1/chat/completions "HTTP/1.1 200 OK"
2026-05-14 00:41:29,053 - httpx - INFO - HTTP Request: POST https://dashscope.aliyuncs.com/compatible-mode/v1/chat/completions "HTTP/1.1 200 OK"
2026-05-14 00:41:37,417 - httpx - INFO - HTTP Request: POST https://dashscope.aliyuncs.com/compatible-mode/v1/chat/completions "HTTP/1.1 200 OK"
2026-05-14 00:41:44,094 - httpx - INFO - HTTP Request: POST https://dashscope.aliyuncs.com/compatible-mode/v1/chat/completions "HTTP/1.1 200 OK"
2026-05-14 00:41:51,561 - httpx - INFO - HTTP Request: POST https://dashscope.aliyuncs.com/compatible-mode/v1/chat/completions "HTTP/1.1 200 OK"
2026-05-14 00:41:58,497 - httpx - INFO - HTTP Request: POST https://dashscope.aliyuncs.com/compatible-mode/v1/chat/completions "HTTP/1.1 200 OK"
2026-05-14 00:42:11,638 - httpx - INFO - HTTP Request: POST https://dashscope.aliyuncs.com/compatible-mode/v1/chat/completions "HTTP/1.1 200 OK"
2026-05-14 00:42:11,639 - utils.logger - INFO - 第五步：分析股票
2026-05-14 00:42:18,500 - utils.logger - INFO - 第六步：生成报告
2026-05-14 00:42:18,504 - utils.logger - INFO - 第七步：转换为PNG和PDF
2026-05-14 00:42:18,606 - utils.logger - INFO - 第八步：发送邮件
2026-05-14 00:42:20,125 - utils.logger - INFO - 每日选股分析任务完成
2026-05-14 00:45:25,313 - utils.logger - INFO - 开始执行每日选股分析任务
2026-05-14 00:45:25,313 - utils.logger - INFO - 第一步：获取权威时间
2026-05-14 00:45:25,734 - utils.logger - INFO - 第二步：获取市场数据
2026-05-14 00:45:40,906 - utils.logger - INFO - 第三步：处理数据
2026-05-14 00:45:40,906 - utils.logger - INFO - 第四步：AI增强分析
2026-05-14 00:45:48,713 - httpx - INFO - HTTP Request: POST https://dashscope.aliyuncs.com/compatible-mode/v1/chat/completions "HTTP/1.1 200 OK"
2026-05-14 00:45:56,353 - httpx - INFO - HTTP Request: POST https://dashscope.aliyuncs.com/compatible-mode/v1/chat/completions "HTTP/1.1 200 OK"
2026-05-14 00:46:05,286 - httpx - INFO - HTTP Request: POST https://dashscope.aliyuncs.com/compatible-mode/v1/chat/completions "HTTP/1.1 200 OK"
2026-05-14 00:46:21,160 - httpx - INFO - HTTP Request: POST https://dashscope.aliyuncs.com/compatible-mode/v1/chat/completions "HTTP/1.1 200 OK"
2026-05-14 00:46:30,833 - httpx - INFO - HTTP Request: POST https://dashscope.aliyuncs.com/compatible-mode/v1/chat/completions "HTTP/1.1 200 OK"
2026-05-14 00:46:38,959 - httpx - INFO - HTTP Request: POST https://dashscope.aliyuncs.com/compatible-mode/v1/chat/completions "HTTP/1.1 200 OK"
2026-05-14 00:46:48,288 - httpx - INFO - HTTP Request: POST https://dashscope.aliyuncs.com/compatible-mode/v1/chat/completions "HTTP/1.1 200 OK"
2026-05-14 00:46:57,382 - httpx - INFO - HTTP Request: POST https://dashscope.aliyuncs.com/compatible-mode/v1/chat/completions "HTTP/1.1 200 OK"
2026-05-14 00:47:23,472 - httpx - INFO - HTTP Request: POST https://dashscope.aliyuncs.com/compatible-mode/v1/chat/completions "HTTP/1.1 200 OK"
2026-05-14 00:47:44,505 - httpx - INFO - HTTP Request: POST https://dashscope.aliyuncs.com/compatible-mode/v1/chat/completions "HTTP/1.1 200 OK"
2026-05-14 00:47:52,469 - httpx - INFO - HTTP Request: POST https://dashscope.aliyuncs.com/compatible-mode/v1/chat/completions "HTTP/1.1 200 OK"
2026-05-14 00:48:00,988 - httpx - INFO - HTTP Request: POST https://dashscope.aliyuncs.com/compatible-mode/v1/chat/completions "HTTP/1.1 200 OK"
2026-05-14 00:48:08,977 - httpx - INFO - HTTP Request: POST https://dashscope.aliyuncs.com/compatible-mode/v1/chat/completions "HTTP/1.1 200 OK"
2026-05-14 00:48:16,083 - httpx - INFO - HTTP Request: POST https://dashscope.aliyuncs.com/compatible-mode/v1/chat/completions "HTTP/1.1 200 OK"
2026-05-14 00:48:23,612 - httpx - INFO - HTTP Request: POST https://dashscope.aliyuncs.com/compatible-mode/v1/chat/completions "HTTP/1.1 200 OK"
2026-05-14 00:48:28,332 - httpx - INFO - HTTP Request: POST https://dashscope.aliyuncs.com/compatible-mode/v1/chat/completions "HTTP/1.1 200 OK"
2026-05-14 00:48:32,513 - httpx - INFO - HTTP Request: POST https://dashscope.aliyuncs.com/compatible-mode/v1/chat/completions "HTTP/1.1 200 OK"
2026-05-14 00:48:39,440 - httpx - INFO - HTTP Request: POST https://dashscope.aliyuncs.com/compatible-mode/v1/chat/completions "HTTP/1.1 200 OK"
2026-05-14 00:48:39,507 - httpx - INFO - HTTP Request: POST https://dashscope.aliyuncs.com/compatible-mode/v1/chat/completions "HTTP/1.1 403 Forbidden"
2026-05-14 00:48:39,560 - httpx - INFO - HTTP Request: POST https://dashscope.aliyuncs.com/compatible-mode/v1/chat/completions "HTTP/1.1 403 Forbidden"
2026-05-14 00:48:39,609 - httpx - INFO - HTTP Request: POST https://dashscope.aliyuncs.com/compatible-mode/v1/chat/completions "HTTP/1.1 403 Forbidden"
2026-05-14 00:48:39,610 - utils.logger - INFO - 第五步：分析股票
2026-05-14 00:48:46,558 - utils.logger - INFO - 第六步：生成报告
2026-05-14 00:48:46,562 - utils.logger - INFO - 第七步：转换为PNG和PDF
2026-05-14 00:48:46,660 - utils.logger - INFO - 第八步：发送邮件
2026-05-14 00:48:47,952 - utils.logger - INFO - 每日选股分析任务完成
2026-05-14 07:30:03,246 - utils.logger - INFO - 开始执行每日选股分析任务
2026-05-14 07:30:03,246 - utils.logger - INFO - 第一步：获取权威时间
2026-05-14 07:30:03,657 - utils.logger - INFO - 第二步：获取市场数据
2026-05-14 07:30:17,775 - utils.logger - INFO - 第三步：处理数据
2026-05-14 07:30:17,776 - utils.logger - INFO - 第四步：AI增强分析
2026-05-14 07:30:19,246 - httpx - INFO - HTTP Request: POST https://dashscope.aliyuncs.com/compatible-mode/v1/chat/completions "HTTP/1.1 403 Forbidden"
2026-05-14 07:30:19,389 - httpx - INFO - HTTP Request: POST https://dashscope.aliyuncs.com/compatible-mode/v1/chat/completions "HTTP/1.1 403 Forbidden"
2026-05-14 07:30:19,438 - httpx - INFO - HTTP Request: POST https://dashscope.aliyuncs.com/compatible-mode/v1/chat/completions "HTTP/1.1 403 Forbidden"
2026-05-14 07:30:19,523 - httpx - INFO - HTTP Request: POST https://dashscope.aliyuncs.com/compatible-mode/v1/chat/completions "HTTP/1.1 403 Forbidden"
2026-05-14 07:30:19,575 - httpx - INFO - HTTP Request: POST https://dashscope.aliyuncs.com/compatible-mode/v1/chat/completions "HTTP/1.1 403 Forbidden"
2026-05-14 07:30:19,629 - httpx - INFO - HTTP Request: POST https://dashscope.aliyuncs.com/compatible-mode/v1/chat/completions "HTTP/1.1 403 Forbidden"
2026-05-14 07:30:19,699 - httpx - INFO - HTTP Request: POST https://dashscope.aliyuncs.com/compatible-mode/v1/chat/completions "HTTP/1.1 403 Forbidden"
2026-05-14 07:30:19,743 - httpx - INFO - HTTP Request: POST https://dashscope.aliyuncs.com/compatible-mode/v1/chat/completions "HTTP/1.1 403 Forbidden"
2026-05-14 07:30:19,797 - httpx - INFO - HTTP Request: POST https://dashscope.aliyuncs.com/compatible-mode/v1/chat/completions "HTTP/1.1 403 Forbidden"
2026-05-14 07:30:19,847 - httpx - INFO - HTTP Request: POST https://dashscope.aliyuncs.com/compatible-mode/v1/chat/completions "HTTP/1.1 403 Forbidden"
2026-05-14 07:30:19,897 - httpx - INFO - HTTP Request: POST https://dashscope.aliyuncs.com/compatible-mode/v1/chat/completions "HTTP/1.1 403 Forbidden"
2026-05-14 07:30:19,972 - httpx - INFO - HTTP Request: POST https://dashscope.aliyuncs.com/compatible-mode/v1/chat/completions "HTTP/1.1 403 Forbidden"
2026-05-14 07:30:20,025 - httpx - INFO - HTTP Request: POST https://dashscope.aliyuncs.com/compatible-mode/v1/chat/completions "HTTP/1.1 403 Forbidden"
2026-05-14 07:30:20,079 - httpx - INFO - HTTP Request: POST https://dashscope.aliyuncs.com/compatible-mode/v1/chat/completions "HTTP/1.1 403 Forbidden"
2026-05-14 07:30:20,151 - httpx - INFO - HTTP Request: POST https://dashscope.aliyuncs.com/compatible-mode/v1/chat/completions "HTTP/1.1 403 Forbidden"
2026-05-14 07:30:20,218 - httpx - INFO - HTTP Request: POST https://dashscope.aliyuncs.com/compatible-mode/v1/chat/completions "HTTP/1.1 403 Forbidden"
2026-05-14 07:30:20,263 - httpx - INFO - HTTP Request: POST https://dashscope.aliyuncs.com/compatible-mode/v1/chat/completions "HTTP/1.1 403 Forbidden"
2026-05-14 07:30:20,311 - httpx - INFO - HTTP Request: POST https://dashscope.aliyuncs.com/compatible-mode/v1/chat/completions "HTTP/1.1 403 Forbidden"
2026-05-14 07:30:20,870 - httpx - INFO - HTTP Request: POST https://dashscope.aliyuncs.com/compatible-mode/v1/chat/completions "HTTP/1.1 403 Forbidden"
2026-05-14 07:30:21,441 - httpx - INFO - HTTP Request: POST https://dashscope.aliyuncs.com/compatible-mode/v1/chat/completions "HTTP/1.1 403 Forbidden"
2026-05-14 07:30:21,517 - httpx - INFO - HTTP Request: POST https://dashscope.aliyuncs.com/compatible-mode/v1/chat/completions "HTTP/1.1 403 Forbidden"
2026-05-14 07:30:21,520 - utils.logger - INFO - 第五步：分析股票
2026-05-14 07:30:27,657 - utils.logger - INFO - 第六步：生成报告
2026-05-14 07:30:27,662 - utils.logger - INFO - 第七步：转换为PNG和PDF
2026-05-14 07:30:27,765 - utils.logger - INFO - 第八步：发送邮件
2026-05-14 07:30:29,080 - utils.logger - INFO - 每日选股分析任务完成
2026-05-14 07:44:10,855 - utils.logger - INFO - 开始执行每日选股分析任务
2026-05-14 07:44:10,857 - utils.logger - INFO - 第一步：获取权威时间
2026-05-14 07:44:11,287 - utils.logger - INFO - 第二步：获取市场数据
2026-05-14 07:44:25,332 - utils.logger - INFO - 第三步：处理数据
2026-05-14 07:44:25,332 - utils.logger - INFO - 第四步：AI增强分析
2026-05-14 07:44:26,794 - httpx - INFO - HTTP Request: POST https://dashscope.aliyuncs.com/compatible-mode/v1/chat/completions "HTTP/1.1 403 Forbidden"
2026-05-14 07:44:26,843 - httpx - INFO - HTTP Request: POST https://dashscope.aliyuncs.com/compatible-mode/v1/chat/completions "HTTP/1.1 403 Forbidden"
2026-05-14 07:44:26,886 - httpx - INFO - HTTP Request: POST https://dashscope.aliyuncs.com/compatible-mode/v1/chat/completions "HTTP/1.1 403 Forbidden"
2026-05-14 07:44:26,935 - httpx - INFO - HTTP Request: POST https://dashscope.aliyuncs.com/compatible-mode/v1/chat/completions "HTTP/1.1 403 Forbidden"
2026-05-14 07:44:27,007 - httpx - INFO - HTTP Request: POST https://dashscope.aliyuncs.com/compatible-mode/v1/chat/completions "HTTP/1.1 403 Forbidden"
2026-05-14 07:44:27,057 - httpx - INFO - HTTP Request: POST https://dashscope.aliyuncs.com/compatible-mode/v1/chat/completions "HTTP/1.1 403 Forbidden"
2026-05-14 07:44:27,111 - httpx - INFO - HTTP Request: POST https://dashscope.aliyuncs.com/compatible-mode/v1/chat/completions "HTTP/1.1 403 Forbidden"
2026-05-14 07:44:27,177 - httpx - INFO - HTTP Request: POST https://dashscope.aliyuncs.com/compatible-mode/v1/chat/completions "HTTP/1.1 403 Forbidden"
2026-05-14 07:44:27,235 - httpx - INFO - HTTP Request: POST https://dashscope.aliyuncs.com/compatible-mode/v1/chat/completions "HTTP/1.1 403 Forbidden"
2026-05-14 07:44:27,314 - httpx - INFO - HTTP Request: POST https://dashscope.aliyuncs.com/compatible-mode/v1/chat/completions "HTTP/1.1 403 Forbidden"
2026-05-14 07:44:27,393 - httpx - INFO - HTTP Request: POST https://dashscope.aliyuncs.com/compatible-mode/v1/chat/completions "HTTP/1.1 403 Forbidden"
2026-05-14 07:44:27,460 - httpx - INFO - HTTP Request: POST https://dashscope.aliyuncs.com/compatible-mode/v1/chat/completions "HTTP/1.1 403 Forbidden"
2026-05-14 07:44:27,518 - httpx - INFO - HTTP Request: POST https://dashscope.aliyuncs.com/compatible-mode/v1/chat/completions "HTTP/1.1 403 Forbidden"
2026-05-14 07:44:27,588 - httpx - INFO - HTTP Request: POST https://dashscope.aliyuncs.com/compatible-mode/v1/chat/completions "HTTP/1.1 403 Forbidden"
2026-05-14 07:44:27,646 - httpx - INFO - HTTP Request: POST https://dashscope.aliyuncs.com/compatible-mode/v1/chat/completions "HTTP/1.1 403 Forbidden"
2026-05-14 07:44:27,688 - httpx - INFO - HTTP Request: POST https://dashscope.aliyuncs.com/compatible-mode/v1/chat/completions "HTTP/1.1 403 Forbidden"
2026-05-14 07:44:27,760 - httpx - INFO - HTTP Request: POST https://dashscope.aliyuncs.com/compatible-mode/v1/chat/completions "HTTP/1.1 403 Forbidden"
2026-05-14 07:44:27,825 - httpx - INFO - HTTP Request: POST https://dashscope.aliyuncs.com/compatible-mode/v1/chat/completions "HTTP/1.1 403 Forbidden"
2026-05-14 07:44:27,866 - httpx - INFO - HTTP Request: POST https://dashscope.aliyuncs.com/compatible-mode/v1/chat/completions "HTTP/1.1 403 Forbidden"
2026-05-14 07:44:27,944 - httpx - INFO - HTTP Request: POST https://dashscope.aliyuncs.com/compatible-mode/v1/chat/completions "HTTP/1.1 403 Forbidden"
2026-05-14 07:44:28,010 - httpx - INFO - HTTP Request: POST https://dashscope.aliyuncs.com/compatible-mode/v1/chat/completions "HTTP/1.1 403 Forbidden"
2026-05-14 07:44:28,011 - utils.logger - INFO - 第五步：分析股票
2026-05-14 07:44:34,917 - utils.logger - INFO - 第六步：生成报告
2026-05-14 07:44:34,921 - utils.logger - INFO - 第七步：转换为PNG和PDF
2026-05-14 07:44:35,031 - utils.logger - INFO - 第八步：发送邮件
2026-05-14 07:44:36,505 - utils.logger - INFO - 每日选股分析任务完成
2026-05-14 08:07:06,536 - utils.logger - INFO - 开始执行每日选股分析任务
2026-05-14 08:07:06,537 - utils.logger - INFO - 第一步：获取权威时间
2026-05-14 08:07:06,984 - utils.logger - INFO - 第二步：获取市场数据
2026-05-14 08:07:21,286 - utils.logger - INFO - 第三步：处理数据
2026-05-14 08:07:21,286 - utils.logger - INFO - 第四步：AI增强分析
2026-05-14 08:07:22,744 - httpx - INFO - HTTP Request: POST https://dashscope.aliyuncs.com/compatible-mode/v1/chat/completions "HTTP/1.1 403 Forbidden"
2026-05-14 08:07:22,822 - httpx - INFO - HTTP Request: POST https://dashscope.aliyuncs.com/compatible-mode/v1/chat/completions "HTTP/1.1 403 Forbidden"
2026-05-14 08:07:22,881 - httpx - INFO - HTTP Request: POST https://dashscope.aliyuncs.com/compatible-mode/v1/chat/completions "HTTP/1.1 403 Forbidden"
2026-05-14 08:07:22,961 - httpx - INFO - HTTP Request: POST https://dashscope.aliyuncs.com/compatible-mode/v1/chat/completions "HTTP/1.1 403 Forbidden"
2026-05-14 08:07:23,019 - httpx - INFO - HTTP Request: POST https://dashscope.aliyuncs.com/compatible-mode/v1/chat/completions "HTTP/1.1 403 Forbidden"
2026-05-14 08:07:23,093 - httpx - INFO - HTTP Request: POST https://dashscope.aliyuncs.com/compatible-mode/v1/chat/completions "HTTP/1.1 403 Forbidden"
2026-05-14 08:07:23,139 - httpx - INFO - HTTP Request: POST https://dashscope.aliyuncs.com/compatible-mode/v1/chat/completions "HTTP/1.1 403 Forbidden"
2026-05-14 08:07:23,196 - httpx - INFO - HTTP Request: POST https://dashscope.aliyuncs.com/compatible-mode/v1/chat/completions "HTTP/1.1 403 Forbidden"
2026-05-14 08:07:23,265 - httpx - INFO - HTTP Request: POST https://dashscope.aliyuncs.com/compatible-mode/v1/chat/completions "HTTP/1.1 403 Forbidden"
2026-05-14 08:07:23,315 - httpx - INFO - HTTP Request: POST https://dashscope.aliyuncs.com/compatible-mode/v1/chat/completions "HTTP/1.1 403 Forbidden"
2026-05-14 08:07:23,389 - httpx - INFO - HTTP Request: POST https://dashscope.aliyuncs.com/compatible-mode/v1/chat/completions "HTTP/1.1 403 Forbidden"
2026-05-14 08:07:23,463 - httpx - INFO - HTTP Request: POST https://dashscope.aliyuncs.com/compatible-mode/v1/chat/completions "HTTP/1.1 403 Forbidden"
2026-05-14 08:07:23,527 - httpx - INFO - HTTP Request: POST https://dashscope.aliyuncs.com/compatible-mode/v1/chat/completions "HTTP/1.1 403 Forbidden"
2026-05-14 08:07:23,577 - httpx - INFO - HTTP Request: POST https://dashscope.aliyuncs.com/compatible-mode/v1/chat/completions "HTTP/1.1 403 Forbidden"
2026-05-14 08:07:23,653 - httpx - INFO - HTTP Request: POST https://dashscope.aliyuncs.com/compatible-mode/v1/chat/completions "HTTP/1.1 403 Forbidden"
2026-05-14 08:07:23,729 - httpx - INFO - HTTP Request: POST https://dashscope.aliyuncs.com/compatible-mode/v1/chat/completions "HTTP/1.1 403 Forbidden"
2026-05-14 08:07:23,789 - httpx - INFO - HTTP Request: POST https://dashscope.aliyuncs.com/compatible-mode/v1/chat/completions "HTTP/1.1 403 Forbidden"
2026-05-14 08:07:23,871 - httpx - INFO - HTTP Request: POST https://dashscope.aliyuncs.com/compatible-mode/v1/chat/completions "HTTP/1.1 403 Forbidden"
2026-05-14 08:07:23,944 - httpx - INFO - HTTP Request: POST https://dashscope.aliyuncs.com/compatible-mode/v1/chat/completions "HTTP/1.1 403 Forbidden"
2026-05-14 08:07:24,013 - httpx - INFO - HTTP Request: POST https://dashscope.aliyuncs.com/compatible-mode/v1/chat/completions "HTTP/1.1 403 Forbidden"
2026-05-14 08:07:24,088 - httpx - INFO - HTTP Request: POST https://dashscope.aliyuncs.com/compatible-mode/v1/chat/completions "HTTP/1.1 403 Forbidden"
2026-05-14 08:07:24,089 - utils.logger - INFO - 第五步：分析股票
2026-05-14 08:07:31,098 - utils.logger - INFO - 第六步：生成报告
2026-05-14 08:07:31,102 - utils.logger - INFO - 第七步：转换为PNG和PDF
2026-05-14 08:07:31,201 - utils.logger - INFO - 第八步：发送邮件
2026-05-14 08:07:32,357 - utils.logger - INFO - 每日选股分析任务完成
2026-05-14 10:28:05,241 - utils.logger - INFO - 开始执行每日选股分析任务
2026-05-14 10:28:05,241 - utils.logger - INFO - 第一步：获取权威时间
2026-05-14 10:28:05,711 - utils.logger - INFO - 第二步：获取市场数据
2026-05-14 10:28:28,853 - utils.logger - INFO - 第三步：处理数据
2026-05-14 10:28:28,854 - utils.logger - INFO - 第四步：AI增强分析
2026-05-14 10:28:42,799 - httpx - INFO - HTTP Request: POST https://dashscope.aliyuncs.com/compatible-mode/v1/chat/completions "HTTP/1.1 200 OK"
2026-05-14 10:29:27,780 - httpx - INFO - HTTP Request: POST https://dashscope.aliyuncs.com/compatible-mode/v1/chat/completions "HTTP/1.1 200 OK"
2026-05-14 10:29:55,714 - httpx - INFO - HTTP Request: POST https://dashscope.aliyuncs.com/compatible-mode/v1/chat/completions "HTTP/1.1 200 OK"
2026-05-14 10:30:32,323 - httpx - INFO - HTTP Request: POST https://dashscope.aliyuncs.com/compatible-mode/v1/chat/completions "HTTP/1.1 200 OK"
2026-05-14 10:30:54,043 - httpx - INFO - HTTP Request: POST https://dashscope.aliyuncs.com/compatible-mode/v1/chat/completions "HTTP/1.1 200 OK"
2026-05-14 10:31:26,288 - httpx - INFO - HTTP Request: POST https://dashscope.aliyuncs.com/compatible-mode/v1/chat/completions "HTTP/1.1 200 OK"
2026-05-14 10:31:35,241 - httpx - INFO - HTTP Request: POST https://dashscope.aliyuncs.com/compatible-mode/v1/chat/completions "HTTP/1.1 200 OK"
2026-05-14 10:31:49,212 - httpx - INFO - HTTP Request: POST https://dashscope.aliyuncs.com/compatible-mode/v1/chat/completions "HTTP/1.1 200 OK"
2026-05-14 10:32:37,582 - httpx - INFO - HTTP Request: POST https://dashscope.aliyuncs.com/compatible-mode/v1/chat/completions "HTTP/1.1 200 OK"
2026-05-14 10:33:13,957 - httpx - INFO - HTTP Request: POST https://dashscope.aliyuncs.com/compatible-mode/v1/chat/completions "HTTP/1.1 200 OK"
2026-05-14 10:33:39,773 - httpx - INFO - HTTP Request: POST https://dashscope.aliyuncs.com/compatible-mode/v1/chat/completions "HTTP/1.1 200 OK"
2026-05-14 10:34:18,437 - httpx - INFO - HTTP Request: POST https://dashscope.aliyuncs.com/compatible-mode/v1/chat/completions "HTTP/1.1 200 OK"
2026-05-14 10:35:11,358 - httpx - INFO - HTTP Request: POST https://dashscope.aliyuncs.com/compatible-mode/v1/chat/completions "HTTP/1.1 200 OK"
2026-05-14 10:35:28,504 - httpx - INFO - HTTP Request: POST https://dashscope.aliyuncs.com/compatible-mode/v1/chat/completions "HTTP/1.1 200 OK"
2026-05-14 10:35:37,650 - httpx - INFO - HTTP Request: POST https://dashscope.aliyuncs.com/compatible-mode/v1/chat/completions "HTTP/1.1 200 OK"
2026-05-14 10:36:02,432 - httpx - INFO - HTTP Request: POST https://dashscope.aliyuncs.com/compatible-mode/v1/chat/completions "HTTP/1.1 200 OK"
2026-05-14 10:36:21,487 - httpx - INFO - HTTP Request: POST https://dashscope.aliyuncs.com/compatible-mode/v1/chat/completions "HTTP/1.1 200 OK"
2026-05-14 10:36:30,867 - httpx - INFO - HTTP Request: POST https://dashscope.aliyuncs.com/compatible-mode/v1/chat/completions "HTTP/1.1 200 OK"
2026-05-14 10:36:46,806 - httpx - INFO - HTTP Request: POST https://dashscope.aliyuncs.com/compatible-mode/v1/chat/completions "HTTP/1.1 200 OK"
2026-05-14 10:37:20,895 - httpx - INFO - HTTP Request: POST https://dashscope.aliyuncs.com/compatible-mode/v1/chat/completions "HTTP/1.1 200 OK"
2026-05-14 10:37:33,709 - httpx - INFO - HTTP Request: POST https://dashscope.aliyuncs.com/compatible-mode/v1/chat/completions "HTTP/1.1 200 OK"
2026-05-14 10:37:33,711 - utils.logger - INFO - 第五步：分析股票
2026-05-14 10:37:43,189 - utils.logger - INFO - 第六步：生成报告
2026-05-14 10:37:43,193 - utils.logger - INFO - 第七步：转换为PNG和PDF
2026-05-14 10:37:43,298 - utils.logger - INFO - 第八步：发送邮件
2026-05-14 10:37:44,614 - utils.logger - INFO - 每日选股分析任务完成
2026-05-14 10:51:57,901 - utils.logger - INFO - 开始执行每日选股分析任务
2026-05-14 10:51:57,902 - utils.logger - INFO - 第一步：获取权威时间
2026-05-14 10:51:58,324 - utils.logger - INFO - 第二步：获取市场数据
2026-05-14 10:52:18,744 - utils.logger - INFO - 第三步：处理数据
2026-05-14 10:52:18,744 - utils.logger - INFO - 第四步：AI增强分析
2026-05-14 10:52:39,205 - httpx - INFO - HTTP Request: POST https://dashscope.aliyuncs.com/compatible-mode/v1/chat/completions "HTTP/1.1 200 OK"
2026-05-14 10:53:08,923 - httpx - INFO - HTTP Request: POST https://dashscope.aliyuncs.com/compatible-mode/v1/chat/completions "HTTP/1.1 200 OK"
2026-05-14 10:53:47,460 - httpx - INFO - HTTP Request: POST https://dashscope.aliyuncs.com/compatible-mode/v1/chat/completions "HTTP/1.1 200 OK"
2026-05-14 10:54:18,174 - httpx - INFO - HTTP Request: POST https://dashscope.aliyuncs.com/compatible-mode/v1/chat/completions "HTTP/1.1 200 OK"
2026-05-14 10:54:34,915 - httpx - INFO - HTTP Request: POST https://dashscope.aliyuncs.com/compatible-mode/v1/chat/completions "HTTP/1.1 200 OK"
2026-05-14 10:54:49,296 - httpx - INFO - HTTP Request: POST https://dashscope.aliyuncs.com/compatible-mode/v1/chat/completions "HTTP/1.1 200 OK"
2026-05-14 10:55:02,162 - httpx - INFO - HTTP Request: POST https://dashscope.aliyuncs.com/compatible-mode/v1/chat/completions "HTTP/1.1 200 OK"
2026-05-14 10:55:25,156 - httpx - INFO - HTTP Request: POST https://dashscope.aliyuncs.com/compatible-mode/v1/chat/completions "HTTP/1.1 200 OK"
2026-05-14 10:56:29,007 - httpx - INFO - HTTP Request: POST https://dashscope.aliyuncs.com/compatible-mode/v1/chat/completions "HTTP/1.1 200 OK"
2026-05-14 10:57:13,554 - httpx - INFO - HTTP Request: POST https://dashscope.aliyuncs.com/compatible-mode/v1/chat/completions "HTTP/1.1 200 OK"
2026-05-14 10:57:26,962 - httpx - INFO - HTTP Request: POST https://dashscope.aliyuncs.com/compatible-mode/v1/chat/completions "HTTP/1.1 200 OK"
2026-05-14 10:57:52,195 - httpx - INFO - HTTP Request: POST https://dashscope.aliyuncs.com/compatible-mode/v1/chat/completions "HTTP/1.1 200 OK"
2026-05-14 10:57:58,473 - httpx - INFO - HTTP Request: POST https://dashscope.aliyuncs.com/compatible-mode/v1/chat/completions "HTTP/1.1 200 OK"
2026-05-14 10:58:32,090 - httpx - INFO - HTTP Request: POST https://dashscope.aliyuncs.com/compatible-mode/v1/chat/completions "HTTP/1.1 200 OK"
2026-05-14 10:58:43,242 - httpx - INFO - HTTP Request: POST https://dashscope.aliyuncs.com/compatible-mode/v1/chat/completions "HTTP/1.1 200 OK"
2026-05-14 10:58:53,152 - httpx - INFO - HTTP Request: POST https://dashscope.aliyuncs.com/compatible-mode/v1/chat/completions "HTTP/1.1 200 OK"
2026-05-14 10:59:06,899 - httpx - INFO - HTTP Request: POST https://dashscope.aliyuncs.com/compatible-mode/v1/chat/completions "HTTP/1.1 200 OK"
2026-05-14 10:59:31,859 - httpx - INFO - HTTP Request: POST https://dashscope.aliyuncs.com/compatible-mode/v1/chat/completions "HTTP/1.1 200 OK"
2026-05-14 10:59:54,754 - httpx - INFO - HTTP Request: POST https://dashscope.aliyuncs.com/compatible-mode/v1/chat/completions "HTTP/1.1 200 OK"
2026-05-14 11:00:07,438 - httpx - INFO - HTTP Request: POST https://dashscope.aliyuncs.com/compatible-mode/v1/chat/completions "HTTP/1.1 200 OK"
2026-05-14 11:00:37,940 - httpx - INFO - HTTP Request: POST https://dashscope.aliyuncs.com/compatible-mode/v1/chat/completions "HTTP/1.1 200 OK"
2026-05-14 11:00:37,941 - utils.logger - INFO - 第五步：分析股票
2026-05-14 11:00:45,626 - utils.logger - INFO - 第六步：生成报告
2026-05-14 11:00:45,630 - utils.logger - INFO - 第七步：转换为PNG和PDF
2026-05-14 11:00:45,732 - utils.logger - INFO - 第八步：发送邮件
2026-05-14 11:00:47,280 - utils.logger - INFO - 每日选股分析任务完成
2026-05-14 11:03:25,769 - utils.logger - INFO - 开始执行每日选股分析任务
2026-05-14 11:03:25,769 - utils.logger - INFO - 第一步：获取权威时间
2026-05-14 11:03:26,465 - utils.logger - INFO - 第二步：获取市场数据
2026-05-14 11:03:43,918 - utils.logger - INFO - 第三步：处理数据
2026-05-14 11:03:43,918 - utils.logger - INFO - 第四步：AI增强分析
2026-05-14 11:03:59,941 - httpx - INFO - HTTP Request: POST https://dashscope.aliyuncs.com/compatible-mode/v1/chat/completions "HTTP/1.1 200 OK"
2026-05-14 11:04:36,015 - httpx - INFO - HTTP Request: POST https://dashscope.aliyuncs.com/compatible-mode/v1/chat/completions "HTTP/1.1 200 OK"
2026-05-14 11:05:13,790 - httpx - INFO - HTTP Request: POST https://dashscope.aliyuncs.com/compatible-mode/v1/chat/completions "HTTP/1.1 200 OK"
2026-05-14 11:06:27,550 - httpx - INFO - HTTP Request: POST https://dashscope.aliyuncs.com/compatible-mode/v1/chat/completions "HTTP/1.1 200 OK"
2026-05-14 11:06:44,832 - httpx - INFO - HTTP Request: POST https://dashscope.aliyuncs.com/compatible-mode/v1/chat/completions "HTTP/1.1 200 OK"
2026-05-14 11:07:14,172 - httpx - INFO - HTTP Request: POST https://dashscope.aliyuncs.com/compatible-mode/v1/chat/completions "HTTP/1.1 200 OK"
2026-05-14 11:07:25,451 - httpx - INFO - HTTP Request: POST https://dashscope.aliyuncs.com/compatible-mode/v1/chat/completions "HTTP/1.1 200 OK"
2026-05-14 11:07:47,008 - httpx - INFO - HTTP Request: POST https://dashscope.aliyuncs.com/compatible-mode/v1/chat/completions "HTTP/1.1 200 OK"
2026-05-14 11:08:41,543 - httpx - INFO - HTTP Request: POST https://dashscope.aliyuncs.com/compatible-mode/v1/chat/completions "HTTP/1.1 200 OK"
2026-05-14 11:09:33,426 - httpx - INFO - HTTP Request: POST https://dashscope.aliyuncs.com/compatible-mode/v1/chat/completions "HTTP/1.1 200 OK"
2026-05-14 11:10:01,042 - httpx - INFO - HTTP Request: POST https://dashscope.aliyuncs.com/compatible-mode/v1/chat/completions "HTTP/1.1 200 OK"
2026-05-14 11:10:23,397 - httpx - INFO - HTTP Request: POST https://dashscope.aliyuncs.com/compatible-mode/v1/chat/completions "HTTP/1.1 200 OK"
2026-05-14 11:10:34,400 - httpx - INFO - HTTP Request: POST https://dashscope.aliyuncs.com/compatible-mode/v1/chat/completions "HTTP/1.1 200 OK"
2026-05-14 11:10:44,990 - httpx - INFO - HTTP Request: POST https://dashscope.aliyuncs.com/compatible-mode/v1/chat/completions "HTTP/1.1 200 OK"
2026-05-14 11:11:11,843 - httpx - INFO - HTTP Request: POST https://dashscope.aliyuncs.com/compatible-mode/v1/chat/completions "HTTP/1.1 200 OK"
2026-05-14 11:11:32,374 - httpx - INFO - HTTP Request: POST https://dashscope.aliyuncs.com/compatible-mode/v1/chat/completions "HTTP/1.1 200 OK"
2026-05-14 11:12:15,429 - httpx - INFO - HTTP Request: POST https://dashscope.aliyuncs.com/compatible-mode/v1/chat/completions "HTTP/1.1 200 OK"
2026-05-14 11:12:25,920 - httpx - INFO - HTTP Request: POST https://dashscope.aliyuncs.com/compatible-mode/v1/chat/completions "HTTP/1.1 200 OK"
2026-05-14 11:13:00,246 - httpx - INFO - HTTP Request: POST https://dashscope.aliyuncs.com/compatible-mode/v1/chat/completions "HTTP/1.1 200 OK"
2026-05-14 11:13:08,335 - httpx - INFO - HTTP Request: POST https://dashscope.aliyuncs.com/compatible-mode/v1/chat/completions "HTTP/1.1 200 OK"
2026-05-14 11:13:28,718 - httpx - INFO - HTTP Request: POST https://dashscope.aliyuncs.com/compatible-mode/v1/chat/completions "HTTP/1.1 200 OK"
2026-05-14 11:13:28,719 - utils.logger - INFO - 第五步：分析股票
2026-05-14 11:13:34,804 - utils.logger - INFO - 第六步：生成报告
2026-05-14 11:13:34,808 - utils.logger - INFO - 第七步：转换为PNG和PDF
2026-05-14 11:13:34,913 - utils.logger - INFO - 第八步：发送邮件
2026-05-14 11:13:36,486 - utils.logger - INFO - 每日选股分析任务完成
2026-05-14 11:50:13,216 - utils.logger - INFO - 开始执行每日选股分析任务
2026-05-14 11:50:13,216 - utils.logger - INFO - 第一步：获取权威时间
2026-05-14 11:50:13,676 - utils.logger - INFO - 第二步：获取市场数据
2026-05-14 11:50:48,246 - utils.logger - INFO - 第三步：处理数据
2026-05-14 11:50:48,246 - utils.logger - INFO - 第四步：AI新闻筛选分析
2026-05-14 11:52:05,488 - httpx - INFO - HTTP Request: POST https://dashscope.aliyuncs.com/compatible-mode/v1/chat/completions "HTTP/1.1 200 OK"
2026-05-14 11:52:05,506 - utils.logger - INFO - 第五步：基于缠论理论的AI选股
2026-05-14 11:53:59,410 - httpx - INFO - HTTP Request: POST https://dashscope.aliyuncs.com/compatible-mode/v1/chat/completions "HTTP/1.1 200 OK"
2026-05-14 11:53:59,413 - utils.logger - INFO - 第六步：分析股票
2026-05-14 11:53:59,413 - utils.logger - INFO - 第七步：生成报告
2026-05-14 11:53:59,418 - utils.logger - INFO - 第八步：转换为PNG和PDF
2026-05-14 11:53:59,551 - utils.logger - INFO - 第九步：发送邮件
2026-05-14 11:54:00,977 - utils.logger - INFO - 每日选股分析任务完成
2026-05-14 12:12:49,393 - utils.logger - INFO - 开始执行每日选股分析任务
2026-05-14 12:12:49,393 - utils.logger - INFO - 第一步：获取权威时间
2026-05-14 12:12:50,265 - utils.logger - INFO - 第二步：获取市场数据
2026-05-14 12:13:29,542 - utils.logger - INFO - 第三步：处理数据
2026-05-14 12:13:29,542 - utils.logger - INFO - 第四步：AI新闻筛选分析
2026-05-14 12:14:35,335 - httpx - INFO - HTTP Request: POST https://dashscope.aliyuncs.com/compatible-mode/v1/chat/completions "HTTP/1.1 200 OK"
2026-05-14 12:14:35,348 - utils.logger - INFO - 第五步：基于缠论理论的AI选股
2026-05-14 12:16:20,599 - httpx - INFO - HTTP Request: POST https://dashscope.aliyuncs.com/compatible-mode/v1/chat/completions "HTTP/1.1 200 OK"
2026-05-14 12:16:20,602 - utils.logger - INFO - 第六步：分析股票
2026-05-14 12:16:20,602 - utils.logger - INFO - 第七步：生成报告
2026-05-14 12:16:20,607 - utils.logger - INFO - 第八步：转换为PNG和PDF
2026-05-14 12:16:20,725 - utils.logger - INFO - 第九步：发送邮件
2026-05-14 12:16:21,983 - utils.logger - INFO - 每日选股分析任务完成
2026-05-14 12:32:17,067 - utils.logger - INFO - 开始执行每日选股分析任务
2026-05-14 12:32:17,069 - utils.logger - INFO - 第一步：获取权威时间
2026-05-14 12:32:17,656 - utils.logger - INFO - 第二步：获取市场数据
2026-05-14 12:32:31,719 - utils.logger - INFO - 第三步：处理数据
2026-05-14 12:32:31,719 - utils.logger - INFO - 第四步：AI新闻筛选分析
2026-05-14 12:34:00,601 - httpx - INFO - HTTP Request: POST https://dashscope.aliyuncs.com/compatible-mode/v1/chat/completions "HTTP/1.1 200 OK"
2026-05-14 12:34:00,621 - utils.logger - INFO - 第五步：基于缠论理论的AI选股
2026-05-14 12:35:02,437 - httpx - INFO - HTTP Request: POST https://dashscope.aliyuncs.com/compatible-mode/v1/chat/completions "HTTP/1.1 200 OK"
2026-05-14 12:35:02,439 - utils.logger - INFO - 第六步：分析股票
2026-05-14 12:35:02,439 - utils.logger - INFO - 第七步：生成报告
2026-05-14 12:35:02,443 - utils.logger - INFO - 第八步：转换为PNG和PDF
2026-05-14 12:35:03,303 - utils.logger - INFO - 第九步：发送邮件
2026-05-14 12:35:06,672 - utils.logger - INFO - 每日选股分析任务完成
2026-05-14 12:35:42,792 - utils.logger - INFO - 开始执行每日选股分析任务
2026-05-14 12:35:42,792 - utils.logger - INFO - 第一步：获取权威时间
2026-05-14 12:35:43,738 - utils.logger - INFO - 第二步：获取市场数据
2026-05-14 12:35:56,692 - utils.logger - INFO - 第三步：处理数据
2026-05-14 12:35:56,693 - utils.logger - INFO - 第四步：AI新闻筛选分析
2026-05-14 12:37:26,491 - httpx - INFO - HTTP Request: POST https://dashscope.aliyuncs.com/compatible-mode/v1/chat/completions "HTTP/1.1 200 OK"
2026-05-14 12:37:26,515 - utils.logger - INFO - 第五步：基于缠论理论的AI选股
2026-05-14 12:38:12,967 - httpx - INFO - HTTP Request: POST https://dashscope.aliyuncs.com/compatible-mode/v1/chat/completions "HTTP/1.1 200 OK"
2026-05-14 12:38:12,970 - utils.logger - INFO - 第六步：分析股票
2026-05-14 12:38:12,970 - utils.logger - INFO - 第七步：生成报告
2026-05-14 12:38:12,988 - utils.logger - INFO - 第八步：转换为PNG和PDF
2026-05-14 12:38:13,814 - utils.logger - INFO - 第九步：发送邮件
2026-05-14 12:38:16,670 - utils.logger - INFO - 每日选股分析任务完成
2026-05-14 12:38:37,636 - utils.logger - INFO - 开始执行每日选股分析任务
2026-05-14 12:38:37,637 - utils.logger - INFO - 第一步：获取权威时间
2026-05-14 12:38:38,467 - utils.logger - INFO - 第二步：获取市场数据
2026-05-14 12:38:52,194 - utils.logger - INFO - 第三步：处理数据
2026-05-14 12:38:52,196 - utils.logger - INFO - 第四步：AI新闻筛选分析
2026-05-14 12:45:59,916 - utils.logger - INFO - 开始执行每日选股分析任务
2026-05-14 12:45:59,917 - utils.logger - INFO - 第一步：获取权威时间
2026-05-14 12:46:00,887 - utils.logger - INFO - 第二步：获取市场数据
2026-05-14 12:46:14,533 - utils.logger - INFO - 第三步：处理数据
2026-05-14 12:46:14,533 - utils.logger - INFO - 第四步：AI新闻筛选分析
2026-05-14 12:47:27,327 - httpx - INFO - HTTP Request: POST https://dashscope.aliyuncs.com/compatible-mode/v1/chat/completions "HTTP/1.1 200 OK"
2026-05-14 12:47:27,385 - utils.logger - INFO - 第五步：基于缠论理论的AI选股
2026-05-14 12:48:58,078 - httpx - INFO - HTTP Request: POST https://dashscope.aliyuncs.com/compatible-mode/v1/chat/completions "HTTP/1.1 200 OK"
2026-05-14 12:48:58,079 - utils.logger - INFO - 第五步半：板块驱动因素AI分析
2026-05-14 12:49:11,270 - httpx - INFO - HTTP Request: POST https://dashscope.aliyuncs.com/compatible-mode/v1/chat/completions "HTTP/1.1 200 OK"
2026-05-14 12:49:32,881 - httpx - INFO - HTTP Request: POST https://dashscope.aliyuncs.com/compatible-mode/v1/chat/completions "HTTP/1.1 200 OK"
2026-05-14 12:49:51,648 - httpx - INFO - HTTP Request: POST https://dashscope.aliyuncs.com/compatible-mode/v1/chat/completions "HTTP/1.1 200 OK"
2026-05-14 12:50:27,274 - httpx - INFO - HTTP Request: POST https://dashscope.aliyuncs.com/compatible-mode/v1/chat/completions "HTTP/1.1 200 OK"
2026-05-14 12:50:43,137 - httpx - INFO - HTTP Request: POST https://dashscope.aliyuncs.com/compatible-mode/v1/chat/completions "HTTP/1.1 200 OK"
2026-05-14 12:51:35,851 - httpx - INFO - HTTP Request: POST https://dashscope.aliyuncs.com/compatible-mode/v1/chat/completions "HTTP/1.1 200 OK"
2026-05-14 12:51:49,261 - httpx - INFO - HTTP Request: POST https://dashscope.aliyuncs.com/compatible-mode/v1/chat/completions "HTTP/1.1 200 OK"
2026-05-14 12:52:30,153 - httpx - INFO - HTTP Request: POST https://dashscope.aliyuncs.com/compatible-mode/v1/chat/completions "HTTP/1.1 200 OK"
2026-05-14 12:52:45,915 - httpx - INFO - HTTP Request: POST https://dashscope.aliyuncs.com/compatible-mode/v1/chat/completions "HTTP/1.1 200 OK"
2026-05-14 12:53:22,278 - httpx - INFO - HTTP Request: POST https://dashscope.aliyuncs.com/compatible-mode/v1/chat/completions "HTTP/1.1 200 OK"
2026-05-14 12:53:22,290 - utils.logger - INFO - 第五步六：商品数据AI分析
2026-05-14 12:53:22,299 - utils.logger - INFO - 第六步：分析股票
2026-05-14 12:53:22,320 - utils.logger - INFO - 第七步：生成报告
2026-05-14 12:53:22,382 - utils.logger - INFO - 第八步：转换为PNG和PDF
2026-05-14 12:53:23,634 - utils.logger - INFO - 第九步：发送邮件
2026-05-14 12:53:26,884 - utils.logger - INFO - 每日选股分析任务完成
2026-05-14 12:57:45,063 - utils.logger - INFO - 开始执行每日选股分析任务
2026-05-14 12:57:45,066 - utils.logger - INFO - 第一步：获取权威时间
2026-05-14 12:57:45,997 - utils.logger - INFO - 第二步：获取市场数据
2026-05-14 12:58:00,459 - utils.logger - INFO - 第三步：处理数据
2026-05-14 12:58:00,459 - utils.logger - INFO - 第四步：AI新闻筛选分析
2026-05-14 12:59:36,256 - httpx - INFO - HTTP Request: POST https://dashscope.aliyuncs.com/compatible-mode/v1/chat/completions "HTTP/1.1 200 OK"
2026-05-14 12:59:36,309 - utils.logger - INFO - 第五步：基于缠论理论的AI选股
2026-05-14 13:01:28,013 - httpx - INFO - HTTP Request: POST https://dashscope.aliyuncs.com/compatible-mode/v1/chat/completions "HTTP/1.1 200 OK"
2026-05-14 13:01:28,015 - utils.logger - INFO - 第五步半：板块驱动因素AI分析
2026-05-14 13:01:48,901 - httpx - INFO - HTTP Request: POST https://dashscope.aliyuncs.com/compatible-mode/v1/chat/completions "HTTP/1.1 200 OK"
2026-05-14 13:02:06,850 - httpx - INFO - HTTP Request: POST https://dashscope.aliyuncs.com/compatible-mode/v1/chat/completions "HTTP/1.1 200 OK"
2026-05-14 13:02:36,503 - httpx - INFO - HTTP Request: POST https://dashscope.aliyuncs.com/compatible-mode/v1/chat/completions "HTTP/1.1 200 OK"
2026-05-14 13:03:28,068 - httpx - INFO - HTTP Request: POST https://dashscope.aliyuncs.com/compatible-mode/v1/chat/completions "HTTP/1.1 200 OK"
2026-05-14 13:03:44,652 - httpx - INFO - HTTP Request: POST https://dashscope.aliyuncs.com/compatible-mode/v1/chat/completions "HTTP/1.1 200 OK"
2026-05-14 13:04:38,867 - httpx - INFO - HTTP Request: POST https://dashscope.aliyuncs.com/compatible-mode/v1/chat/completions "HTTP/1.1 200 OK"
2026-05-14 13:05:21,666 - httpx - INFO - HTTP Request: POST https://dashscope.aliyuncs.com/compatible-mode/v1/chat/completions "HTTP/1.1 200 OK"
2026-05-14 13:05:58,412 - httpx - INFO - HTTP Request: POST https://dashscope.aliyuncs.com/compatible-mode/v1/chat/completions "HTTP/1.1 200 OK"
2026-05-14 13:06:52,619 - httpx - INFO - HTTP Request: POST https://dashscope.aliyuncs.com/compatible-mode/v1/chat/completions "HTTP/1.1 200 OK"
2026-05-14 13:07:26,305 - httpx - INFO - HTTP Request: POST https://dashscope.aliyuncs.com/compatible-mode/v1/chat/completions "HTTP/1.1 200 OK"
2026-05-14 13:07:26,315 - utils.logger - INFO - 第五步六：商品数据AI分析
2026-05-14 13:07:26,325 - utils.logger - INFO - 第六步：分析股票
2026-05-14 13:07:26,358 - utils.logger - INFO - 第七步：生成报告
2026-05-14 13:07:26,469 - utils.logger - INFO - 第八步：转换为PNG和PDF
2026-05-14 13:07:28,585 - utils.logger - INFO - 第九步：发送邮件
2026-05-14 13:07:31,397 - utils.logger - INFO - 每日选股分析任务完成
2026-05-14 13:08:27,422 - utils.logger - INFO - 开始执行每日选股分析任务
2026-05-14 13:08:27,422 - utils.logger - INFO - 第一步：获取权威时间
2026-05-14 13:08:28,268 - utils.logger - INFO - 第二步：获取市场数据
2026-05-14 13:08:42,245 - utils.logger - INFO - 第三步：处理数据
2026-05-14 13:08:42,245 - utils.logger - INFO - 第四步：AI新闻筛选分析
2026-05-14 13:10:24,542 - httpx - INFO - HTTP Request: POST https://dashscope.aliyuncs.com/compatible-mode/v1/chat/completions "HTTP/1.1 200 OK"
2026-05-14 13:10:24,566 - utils.logger - INFO - 第五步：基于缠论理论的AI选股
2026-05-14 13:11:57,112 - httpx - INFO - HTTP Request: POST https://dashscope.aliyuncs.com/compatible-mode/v1/chat/completions "HTTP/1.1 200 OK"
2026-05-14 13:11:57,114 - utils.logger - INFO - 第五步半：板块驱动因素AI分析
2026-05-14 13:12:18,238 - httpx - INFO - HTTP Request: POST https://dashscope.aliyuncs.com/compatible-mode/v1/chat/completions "HTTP/1.1 200 OK"
2026-05-14 13:13:11,358 - httpx - INFO - HTTP Request: POST https://dashscope.aliyuncs.com/compatible-mode/v1/chat/completions "HTTP/1.1 200 OK"
2026-05-14 13:13:25,130 - httpx - INFO - HTTP Request: POST https://dashscope.aliyuncs.com/compatible-mode/v1/chat/completions "HTTP/1.1 200 OK"
2026-05-14 13:13:49,668 - httpx - INFO - HTTP Request: POST https://dashscope.aliyuncs.com/compatible-mode/v1/chat/completions "HTTP/1.1 200 OK"
2026-05-14 13:14:09,380 - httpx - INFO - HTTP Request: POST https://dashscope.aliyuncs.com/compatible-mode/v1/chat/completions "HTTP/1.1 200 OK"
2026-05-14 13:14:45,766 - httpx - INFO - HTTP Request: POST https://dashscope.aliyuncs.com/compatible-mode/v1/chat/completions "HTTP/1.1 200 OK"
2026-05-14 13:15:20,670 - httpx - INFO - HTTP Request: POST https://dashscope.aliyuncs.com/compatible-mode/v1/chat/completions "HTTP/1.1 200 OK"
2026-05-14 13:15:42,947 - httpx - INFO - HTTP Request: POST https://dashscope.aliyuncs.com/compatible-mode/v1/chat/completions "HTTP/1.1 200 OK"
2026-05-14 13:15:58,366 - httpx - INFO - HTTP Request: POST https://dashscope.aliyuncs.com/compatible-mode/v1/chat/completions "HTTP/1.1 200 OK"
2026-05-14 13:16:11,829 - httpx - INFO - HTTP Request: POST https://dashscope.aliyuncs.com/compatible-mode/v1/chat/completions "HTTP/1.1 200 OK"
2026-05-14 13:16:11,831 - utils.logger - INFO - 第五步六：商品数据AI分析
2026-05-14 13:16:11,831 - utils.logger - INFO - 第六步：分析股票
2026-05-14 13:16:11,832 - utils.logger - INFO - 第七步：生成报告
2026-05-14 13:16:11,837 - utils.logger - INFO - 第八步：转换为PNG和PDF
2026-05-14 13:16:12,425 - utils.logger - INFO - 第九步：发送邮件
2026-05-14 13:16:15,655 - utils.logger - INFO - 每日选股分析任务完成
2026-05-14 13:17:08,524 - utils.logger - INFO - 开始执行每日选股分析任务
2026-05-14 13:17:08,524 - utils.logger - INFO - 第一步：获取权威时间
2026-05-14 13:17:09,536 - utils.logger - INFO - 第二步：获取市场数据
2026-05-14 13:17:24,280 - utils.logger - INFO - 第三步：处理数据
2026-05-14 13:17:24,280 - utils.logger - INFO - 第四步：AI新闻筛选分析
2026-05-14 13:18:43,751 - httpx - INFO - HTTP Request: POST https://dashscope.aliyuncs.com/compatible-mode/v1/chat/completions "HTTP/1.1 200 OK"
2026-05-14 13:18:43,777 - utils.logger - INFO - 第五步：基于缠论理论的AI选股
2026-05-14 13:20:04,004 - httpx - INFO - HTTP Request: POST https://dashscope.aliyuncs.com/compatible-mode/v1/chat/completions "HTTP/1.1 200 OK"
2026-05-14 13:20:04,005 - utils.logger - INFO - 第五步半：板块驱动因素AI分析
2026-05-14 13:20:19,625 - httpx - INFO - HTTP Request: POST https://dashscope.aliyuncs.com/compatible-mode/v1/chat/completions "HTTP/1.1 200 OK"
2026-05-14 13:20:55,553 - httpx - INFO - HTTP Request: POST https://dashscope.aliyuncs.com/compatible-mode/v1/chat/completions "HTTP/1.1 200 OK"
2026-05-14 13:21:05,295 - httpx - INFO - HTTP Request: POST https://dashscope.aliyuncs.com/compatible-mode/v1/chat/completions "HTTP/1.1 200 OK"
2026-05-14 13:21:29,490 - httpx - INFO - HTTP Request: POST https://dashscope.aliyuncs.com/compatible-mode/v1/chat/completions "HTTP/1.1 200 OK"
2026-05-14 13:21:55,170 - httpx - INFO - HTTP Request: POST https://dashscope.aliyuncs.com/compatible-mode/v1/chat/completions "HTTP/1.1 200 OK"
2026-05-14 13:31:27,886 - utils.logger - INFO - 开始执行每日选股分析任务
2026-05-14 13:31:27,888 - utils.logger - INFO - 第一步：获取权威时间
2026-05-14 13:31:28,824 - utils.logger - INFO - 第二步：获取市场数据
2026-05-14 13:31:43,893 - utils.logger - INFO - 第三步：处理数据
2026-05-14 13:31:43,893 - utils.logger - INFO - 第四步：AI新闻筛选分析
2026-05-14 13:33:02,756 - httpx - INFO - HTTP Request: POST https://dashscope.aliyuncs.com/compatible-mode/v1/chat/completions "HTTP/1.1 200 OK"
2026-05-14 13:33:02,790 - utils.logger - INFO - 第五步：基于缠论理论的AI选股
2026-05-14 13:34:30,564 - httpx - INFO - HTTP Request: POST https://dashscope.aliyuncs.com/compatible-mode/v1/chat/completions "HTTP/1.1 200 OK"
2026-05-14 13:34:30,567 - utils.logger - INFO - 第五步半：板块驱动因素AI分析
2026-05-14 13:34:42,435 - httpx - INFO - HTTP Request: POST https://dashscope.aliyuncs.com/compatible-mode/v1/chat/completions "HTTP/1.1 200 OK"
2026-05-14 13:34:58,535 - httpx - INFO - HTTP Request: POST https://dashscope.aliyuncs.com/compatible-mode/v1/chat/completions "HTTP/1.1 200 OK"
2026-05-14 13:35:09,047 - httpx - INFO - HTTP Request: POST https://dashscope.aliyuncs.com/compatible-mode/v1/chat/completions "HTTP/1.1 200 OK"
2026-05-14 13:35:41,153 - httpx - INFO - HTTP Request: POST https://dashscope.aliyuncs.com/compatible-mode/v1/chat/completions "HTTP/1.1 200 OK"
2026-05-14 13:35:58,855 - httpx - INFO - HTTP Request: POST https://dashscope.aliyuncs.com/compatible-mode/v1/chat/completions "HTTP/1.1 200 OK"
2026-05-14 13:36:16,268 - httpx - INFO - HTTP Request: POST https://dashscope.aliyuncs.com/compatible-mode/v1/chat/completions "HTTP/1.1 200 OK"
2026-05-14 13:36:32,400 - httpx - INFO - HTTP Request: POST https://dashscope.aliyuncs.com/compatible-mode/v1/chat/completions "HTTP/1.1 200 OK"
2026-05-14 13:36:52,187 - httpx - INFO - HTTP Request: POST https://dashscope.aliyuncs.com/compatible-mode/v1/chat/completions "HTTP/1.1 200 OK"
2026-05-14 13:37:18,746 - httpx - INFO - HTTP Request: POST https://dashscope.aliyuncs.com/compatible-mode/v1/chat/completions "HTTP/1.1 200 OK"
2026-05-14 13:37:26,865 - httpx - INFO - HTTP Request: POST https://dashscope.aliyuncs.com/compatible-mode/v1/chat/completions "HTTP/1.1 200 OK"
2026-05-14 13:37:26,882 - utils.logger - INFO - 第五步六：商品数据AI分析
2026-05-14 13:37:26,891 - utils.logger - INFO - 第六步：分析股票
2026-05-14 13:37:26,946 - utils.logger - INFO - 第七步：生成报告
2026-05-14 13:37:26,989 - utils.logger - INFO - 第八步：转换为PNG和PDF
2026-05-14 13:37:28,301 - utils.logger - INFO - 第九步：发送邮件
2026-05-14 13:37:31,661 - utils.logger - INFO - 每日选股分析任务完成
2026-05-14 13:41:34,317 - utils.logger - INFO - 开始执行每日选股分析任务
2026-05-14 13:41:34,318 - utils.logger - INFO - 第一步：获取权威时间
2026-05-14 13:41:45,313 - utils.logger - INFO - 第二步：获取市场数据
2026-05-14 13:42:02,376 - utils.logger - INFO - 第三步：处理数据
2026-05-14 13:42:02,376 - utils.logger - INFO - 第四步：AI新闻筛选分析
2026-05-14 13:43:17,491 - httpx - INFO - HTTP Request: POST https://dashscope.aliyuncs.com/compatible-mode/v1/chat/completions "HTTP/1.1 200 OK"
2026-05-14 13:43:17,518 - utils.logger - INFO - 第五步：基于缠论理论的AI选股
2026-05-14 13:44:46,802 - httpx - INFO - HTTP Request: POST https://dashscope.aliyuncs.com/compatible-mode/v1/chat/completions "HTTP/1.1 200 OK"
2026-05-14 13:44:46,804 - utils.logger - INFO - 第五步半：板块驱动因素AI分析
2026-05-14 13:45:11,193 - httpx - INFO - HTTP Request: POST https://dashscope.aliyuncs.com/compatible-mode/v1/chat/completions "HTTP/1.1 200 OK"
2026-05-14 13:45:28,512 - httpx - INFO - HTTP Request: POST https://dashscope.aliyuncs.com/compatible-mode/v1/chat/completions "HTTP/1.1 200 OK"
2026-05-14 13:45:41,548 - httpx - INFO - HTTP Request: POST https://dashscope.aliyuncs.com/compatible-mode/v1/chat/completions "HTTP/1.1 200 OK"
2026-05-14 13:46:38,048 - httpx - INFO - HTTP Request: POST https://dashscope.aliyuncs.com/compatible-mode/v1/chat/completions "HTTP/1.1 200 OK"
2026-05-14 13:47:01,231 - httpx - INFO - HTTP Request: POST https://dashscope.aliyuncs.com/compatible-mode/v1/chat/completions "HTTP/1.1 200 OK"
2026-05-14 13:47:11,626 - httpx - INFO - HTTP Request: POST https://dashscope.aliyuncs.com/compatible-mode/v1/chat/completions "HTTP/1.1 200 OK"
2026-05-14 13:47:26,384 - httpx - INFO - HTTP Request: POST https://dashscope.aliyuncs.com/compatible-mode/v1/chat/completions "HTTP/1.1 200 OK"
2026-05-14 13:47:48,524 - httpx - INFO - HTTP Request: POST https://dashscope.aliyuncs.com/compatible-mode/v1/chat/completions "HTTP/1.1 200 OK"
2026-05-14 13:48:13,753 - httpx - INFO - HTTP Request: POST https://dashscope.aliyuncs.com/compatible-mode/v1/chat/completions "HTTP/1.1 200 OK"
2026-05-14 13:48:41,889 - httpx - INFO - HTTP Request: POST https://dashscope.aliyuncs.com/compatible-mode/v1/chat/completions "HTTP/1.1 200 OK"
2026-05-14 13:48:41,893 - utils.logger - INFO - 第五步六：商品数据AI分析
2026-05-14 13:48:41,898 - utils.logger - INFO - 第六步：分析股票
2026-05-14 13:48:41,914 - utils.logger - INFO - 第七步：生成报告
2026-05-14 13:48:41,929 - utils.logger - INFO - 第八步：转换为PNG和PDF
2026-05-14 13:48:42,768 - utils.logger - INFO - 第九步：发送邮件
2026-05-14 13:48:45,907 - utils.logger - INFO - 每日选股分析任务完成
2026-05-14 13:49:44,219 - utils.logger - INFO - 开始执行每日选股分析任务
2026-05-14 13:49:44,220 - utils.logger - INFO - 第一步：获取权威时间
2026-05-14 13:49:44,808 - utils.logger - INFO - 第二步：获取市场数据
2026-05-14 13:49:59,224 - utils.logger - INFO - 第三步：处理数据
2026-05-14 13:49:59,224 - utils.logger - INFO - 第四步：AI新闻筛选分析
2026-05-14 14:26:49,136 - utils.logger - INFO - 开始执行每日选股分析任务
2026-05-14 14:26:49,139 - utils.logger - INFO - 第一步：获取权威时间
2026-05-14 14:26:49,886 - utils.logger - INFO - 第二步：获取市场数据
2026-05-14 14:27:06,785 - utils.logger - INFO - 第三步：处理数据
2026-05-14 14:27:06,785 - utils.logger - INFO - 第四步：AI新闻筛选分析
2026-05-14 14:28:11,811 - httpx - INFO - HTTP Request: POST https://dashscope.aliyuncs.com/compatible-mode/v1/chat/completions "HTTP/1.1 200 OK"
2026-05-14 14:28:11,830 - utils.logger - INFO - 第五步：基于缠论理论的AI选股
2026-05-14 14:29:40,245 - httpx - INFO - HTTP Request: POST https://dashscope.aliyuncs.com/compatible-mode/v1/chat/completions "HTTP/1.1 200 OK"
2026-05-14 14:29:40,246 - utils.logger - INFO - 第五步半：板块驱动因素AI分析
2026-05-14 14:29:58,679 - httpx - INFO - HTTP Request: POST https://dashscope.aliyuncs.com/compatible-mode/v1/chat/completions "HTTP/1.1 200 OK"
2026-05-14 14:30:10,756 - httpx - INFO - HTTP Request: POST https://dashscope.aliyuncs.com/compatible-mode/v1/chat/completions "HTTP/1.1 200 OK"
2026-05-14 14:30:33,730 - httpx - INFO - HTTP Request: POST https://dashscope.aliyuncs.com/compatible-mode/v1/chat/completions "HTTP/1.1 200 OK"
2026-05-14 14:31:27,858 - httpx - INFO - HTTP Request: POST https://dashscope.aliyuncs.com/compatible-mode/v1/chat/completions "HTTP/1.1 200 OK"
2026-05-14 14:32:02,507 - httpx - INFO - HTTP Request: POST https://dashscope.aliyuncs.com/compatible-mode/v1/chat/completions "HTTP/1.1 200 OK"
2026-05-14 14:32:24,129 - httpx - INFO - HTTP Request: POST https://dashscope.aliyuncs.com/compatible-mode/v1/chat/completions "HTTP/1.1 200 OK"
2026-05-14 14:32:40,108 - httpx - INFO - HTTP Request: POST https://dashscope.aliyuncs.com/compatible-mode/v1/chat/completions "HTTP/1.1 200 OK"
2026-05-14 14:32:57,488 - httpx - INFO - HTTP Request: POST https://dashscope.aliyuncs.com/compatible-mode/v1/chat/completions "HTTP/1.1 200 OK"
2026-05-14 14:33:16,130 - httpx - INFO - HTTP Request: POST https://dashscope.aliyuncs.com/compatible-mode/v1/chat/completions "HTTP/1.1 200 OK"
2026-05-14 14:33:23,406 - httpx - INFO - HTTP Request: POST https://dashscope.aliyuncs.com/compatible-mode/v1/chat/completions "HTTP/1.1 200 OK"
2026-05-14 14:33:23,410 - utils.logger - INFO - 第五步六：商品数据AI分析
2026-05-14 14:33:23,410 - utils.logger - INFO - 第六步：分析股票
2026-05-14 14:33:23,426 - utils.logger - INFO - 第七步：生成报告
2026-05-14 14:33:23,445 - utils.logger - INFO - 第八步：转换为PNG和PDF
2026-05-14 14:33:24,496 - utils.logger - INFO - 第九步：发送邮件
2026-05-14 14:33:27,459 - utils.logger - INFO - 每日选股分析任务完成
2026-05-14 14:50:15,466 - utils.logger - INFO - 开始执行每日选股分析任务
2026-05-14 14:50:15,468 - utils.logger - INFO - 第一步：获取权威时间
2026-05-14 14:50:16,178 - utils.logger - INFO - 第二步：获取市场数据
2026-05-14 14:50:43,927 - utils.logger - INFO - 第三步：处理数据
2026-05-14 14:50:43,928 - utils.logger - INFO - 第四步：AI新闻筛选分析
2026-05-14 14:51:18,939 - httpx - INFO - HTTP Request: POST https://dashscope.aliyuncs.com/compatible-mode/v1/chat/completions "HTTP/1.1 200 OK"
2026-05-14 14:51:18,969 - utils.logger - INFO - 第五步：基于缠论理论的AI选股
2026-05-14 14:53:14,213 - httpx - INFO - HTTP Request: POST https://dashscope.aliyuncs.com/compatible-mode/v1/chat/completions "HTTP/1.1 200 OK"
2026-05-14 14:53:14,216 - utils.logger - INFO - 第五步半：板块驱动因素AI分析
2026-05-14 14:53:42,342 - httpx - INFO - HTTP Request: POST https://dashscope.aliyuncs.com/compatible-mode/v1/chat/completions "HTTP/1.1 200 OK"
2026-05-14 14:54:11,264 - httpx - INFO - HTTP Request: POST https://dashscope.aliyuncs.com/compatible-mode/v1/chat/completions "HTTP/1.1 200 OK"
2026-05-14 14:54:35,008 - httpx - INFO - HTTP Request: POST https://dashscope.aliyuncs.com/compatible-mode/v1/chat/completions "HTTP/1.1 200 OK"
2026-05-14 14:54:58,747 - httpx - INFO - HTTP Request: POST https://dashscope.aliyuncs.com/compatible-mode/v1/chat/completions "HTTP/1.1 200 OK"
2026-05-14 14:55:39,150 - httpx - INFO - HTTP Request: POST https://dashscope.aliyuncs.com/compatible-mode/v1/chat/completions "HTTP/1.1 200 OK"
2026-05-14 14:55:52,934 - httpx - INFO - HTTP Request: POST https://dashscope.aliyuncs.com/compatible-mode/v1/chat/completions "HTTP/1.1 200 OK"
2026-05-14 14:56:39,615 - httpx - INFO - HTTP Request: POST https://dashscope.aliyuncs.com/compatible-mode/v1/chat/completions "HTTP/1.1 200 OK"
2026-05-14 14:57:10,807 - httpx - INFO - HTTP Request: POST https://dashscope.aliyuncs.com/compatible-mode/v1/chat/completions "HTTP/1.1 200 OK"
2026-05-14 14:57:29,862 - httpx - INFO - HTTP Request: POST https://dashscope.aliyuncs.com/compatible-mode/v1/chat/completions "HTTP/1.1 200 OK"
2026-05-14 14:57:54,769 - httpx - INFO - HTTP Request: POST https://dashscope.aliyuncs.com/compatible-mode/v1/chat/completions "HTTP/1.1 200 OK"
2026-05-14 14:57:54,770 - utils.logger - INFO - 第五步六：商品数据AI分析
2026-05-14 14:57:54,770 - utils.logger - INFO - 第六步：分析股票
2026-05-14 14:57:54,770 - utils.logger - INFO - 第七步：生成报告
2026-05-14 14:57:54,786 - utils.logger - INFO - 第八步：转换为PNG和PDF
2026-05-14 14:57:55,332 - utils.logger - INFO - 第九步：发送邮件
2026-05-14 14:57:58,172 - utils.logger - INFO - 每日选股分析任务完成
2026-05-14 15:40:51,576 - utils.logger - INFO - 开始执行每日选股分析任务
2026-05-14 15:40:51,578 - utils.logger - INFO - 第一步：获取权威时间
2026-05-14 15:40:52,390 - utils.logger - INFO - 第二步：获取市场数据
2026-05-14 15:41:27,897 - utils.logger - INFO - 第三步：处理数据
2026-05-14 15:41:27,898 - utils.logger - INFO - 第四步：AI新闻筛选分析
2026-05-14 15:42:51,549 - httpx - INFO - HTTP Request: POST https://dashscope.aliyuncs.com/compatible-mode/v1/chat/completions "HTTP/1.1 200 OK"
2026-05-14 15:42:51,589 - utils.logger - INFO - 第五步：基于缠论理论的AI选股
2026-05-14 15:44:30,275 - httpx - INFO - HTTP Request: POST https://dashscope.aliyuncs.com/compatible-mode/v1/chat/completions "HTTP/1.1 200 OK"
2026-05-14 15:44:30,277 - utils.logger - INFO - 第五步半：板块驱动因素AI分析
2026-05-14 15:44:49,918 - httpx - INFO - HTTP Request: POST https://dashscope.aliyuncs.com/compatible-mode/v1/chat/completions "HTTP/1.1 200 OK"
2026-05-14 15:44:59,019 - httpx - INFO - HTTP Request: POST https://dashscope.aliyuncs.com/compatible-mode/v1/chat/completions "HTTP/1.1 200 OK"
2026-05-14 15:45:28,633 - httpx - INFO - HTTP Request: POST https://dashscope.aliyuncs.com/compatible-mode/v1/chat/completions "HTTP/1.1 200 OK"
2026-05-14 15:45:42,363 - httpx - INFO - HTTP Request: POST https://dashscope.aliyuncs.com/compatible-mode/v1/chat/completions "HTTP/1.1 200 OK"
2026-05-14 15:45:53,219 - httpx - INFO - HTTP Request: POST https://dashscope.aliyuncs.com/compatible-mode/v1/chat/completions "HTTP/1.1 200 OK"
2026-05-14 15:46:04,953 - httpx - INFO - HTTP Request: POST https://dashscope.aliyuncs.com/compatible-mode/v1/chat/completions "HTTP/1.1 200 OK"
2026-05-14 15:46:37,412 - httpx - INFO - HTTP Request: POST https://dashscope.aliyuncs.com/compatible-mode/v1/chat/completions "HTTP/1.1 200 OK"
2026-05-14 15:46:50,953 - httpx - INFO - HTTP Request: POST https://dashscope.aliyuncs.com/compatible-mode/v1/chat/completions "HTTP/1.1 200 OK"
2026-05-14 15:47:02,715 - httpx - INFO - HTTP Request: POST https://dashscope.aliyuncs.com/compatible-mode/v1/chat/completions "HTTP/1.1 200 OK"
2026-05-14 15:47:13,703 - httpx - INFO - HTTP Request: POST https://dashscope.aliyuncs.com/compatible-mode/v1/chat/completions "HTTP/1.1 200 OK"
2026-05-14 15:47:13,705 - utils.logger - INFO - 第五步六：商品数据AI分析
2026-05-14 15:47:13,705 - utils.logger - INFO - 第六步：分析股票
2026-05-14 15:47:13,705 - utils.logger - INFO - 第七步：生成报告
2026-05-14 15:47:13,721 - utils.logger - INFO - 第八步：转换为PNG和PDF
2026-05-14 15:47:14,285 - utils.logger - INFO - 第九步：发送邮件
2026-05-14 15:47:17,147 - utils.logger - INFO - 每日选股分析任务完成
2026-05-14 16:30:03,287 - utils.logger - INFO - 开始执行每日选股分析任务
2026-05-14 16:30:03,289 - utils.logger - INFO - 第一步：获取权威时间
2026-05-14 16:30:04,108 - utils.logger - INFO - 第二步：获取市场数据
2026-05-14 16:31:10,993 - utils.logger - INFO - 第三步：处理数据
2026-05-14 16:31:10,993 - utils.logger - INFO - 第四步：AI新闻筛选分析
2026-05-14 16:31:59,668 - httpx - INFO - HTTP Request: POST https://dashscope.aliyuncs.com/compatible-mode/v1/chat/completions "HTTP/1.1 200 OK"
2026-05-14 16:31:59,722 - utils.logger - INFO - 第五步：基于缠论理论的AI选股
2026-05-14 16:32:01,673 - utils.logger - INFO - 第五步半：板块驱动因素AI分析
2026-05-14 16:32:01,673 - utils.logger - INFO - 第五步六：商品数据AI分析
2026-05-14 16:32:01,673 - utils.logger - INFO - 第六步：分析股票
2026-05-14 16:32:01,674 - utils.logger - INFO - 第七步：生成报告
2026-05-14 16:32:01,678 - utils.logger - INFO - 第八步：转换为PNG和PDF
2026-05-14 16:32:02,194 - utils.logger - INFO - 第九步：发送邮件
2026-05-14 16:32:04,989 - utils.logger - INFO - 每日选股分析任务完成
2026-05-14 17:15:19,964 - utils.logger - INFO - 开始执行每日选股分析任务
2026-05-14 17:15:19,967 - utils.logger - INFO - 第一步：获取权威时间
2026-05-14 17:15:20,746 - utils.logger - INFO - 第二步：获取市场数据
2026-05-14 17:16:30,519 - utils.logger - INFO - 第三步：处理数据
2026-05-14 17:16:30,519 - utils.logger - INFO - 第四步：AI新闻筛选分析
2026-05-14 17:17:47,702 - httpx - INFO - HTTP Request: POST https://dashscope.aliyuncs.com/compatible-mode/v1/chat/completions "HTTP/1.1 200 OK"
2026-05-14 17:17:47,728 - utils.logger - INFO - 第五步：基于缠论理论的AI选股
2026-05-14 17:19:46,700 - httpx - INFO - HTTP Request: POST https://dashscope.aliyuncs.com/compatible-mode/v1/chat/completions "HTTP/1.1 200 OK"
2026-05-14 17:19:46,705 - utils.logger - INFO - 第五步半：板块驱动因素AI分析
2026-05-14 17:20:15,485 - httpx - INFO - HTTP Request: POST https://dashscope.aliyuncs.com/compatible-mode/v1/chat/completions "HTTP/1.1 200 OK"
2026-05-14 17:20:31,704 - httpx - INFO - HTTP Request: POST https://dashscope.aliyuncs.com/compatible-mode/v1/chat/completions "HTTP/1.1 200 OK"
2026-05-14 17:20:56,066 - httpx - INFO - HTTP Request: POST https://dashscope.aliyuncs.com/compatible-mode/v1/chat/completions "HTTP/1.1 200 OK"
2026-05-14 17:21:26,640 - httpx - INFO - HTTP Request: POST https://dashscope.aliyuncs.com/compatible-mode/v1/chat/completions "HTTP/1.1 200 OK"
2026-05-14 17:21:47,347 - httpx - INFO - HTTP Request: POST https://dashscope.aliyuncs.com/compatible-mode/v1/chat/completions "HTTP/1.1 200 OK"
2026-05-14 17:21:58,380 - httpx - INFO - HTTP Request: POST https://dashscope.aliyuncs.com/compatible-mode/v1/chat/completions "HTTP/1.1 200 OK"
2026-05-14 17:22:18,018 - httpx - INFO - HTTP Request: POST https://dashscope.aliyuncs.com/compatible-mode/v1/chat/completions "HTTP/1.1 200 OK"
2026-05-14 17:23:37,016 - httpx - INFO - HTTP Request: POST https://dashscope.aliyuncs.com/compatible-mode/v1/chat/completions "HTTP/1.1 200 OK"
2026-05-14 17:23:53,133 - httpx - INFO - HTTP Request: POST https://dashscope.aliyuncs.com/compatible-mode/v1/chat/completions "HTTP/1.1 200 OK"
2026-05-14 17:24:38,554 - httpx - INFO - HTTP Request: POST https://dashscope.aliyuncs.com/compatible-mode/v1/chat/completions "HTTP/1.1 200 OK"
2026-05-14 17:24:38,556 - utils.logger - INFO - 第五步六：商品数据AI分析
2026-05-14 17:24:38,556 - utils.logger - INFO - 第六步：分析股票
2026-05-14 17:24:38,559 - utils.logger - INFO - 第七步：生成报告
2026-05-14 17:24:38,565 - utils.logger - INFO - 第八步：转换为PNG和PDF
2026-05-14 17:24:39,117 - utils.logger - INFO - 第九步：发送邮件
2026-05-14 17:24:42,179 - utils.logger - INFO - 每日选股分析任务完成
2026-05-14 17:27:15,713 - utils.logger - INFO - 开始执行每日选股分析任务
2026-05-14 17:27:15,713 - utils.logger - INFO - 第一步：获取权威时间
2026-05-14 17:27:16,502 - utils.logger - INFO - 第二步：获取市场数据
2026-05-14 17:28:14,263 - utils.logger - INFO - 第三步：处理数据
2026-05-14 17:28:14,263 - utils.logger - INFO - 第四步：AI新闻筛选分析
2026-05-14 17:29:09,354 - httpx - INFO - HTTP Request: POST https://dashscope.aliyuncs.com/compatible-mode/v1/chat/completions "HTTP/1.1 200 OK"
2026-05-14 17:29:09,379 - utils.logger - INFO - 第五步：基于缠论理论的AI选股
2026-05-14 17:31:03,376 - httpx - INFO - HTTP Request: POST https://dashscope.aliyuncs.com/compatible-mode/v1/chat/completions "HTTP/1.1 200 OK"
2026-05-14 17:31:03,379 - utils.logger - INFO - 第五步半：板块驱动因素AI分析
2026-05-14 17:31:28,849 - httpx - INFO - HTTP Request: POST https://dashscope.aliyuncs.com/compatible-mode/v1/chat/completions "HTTP/1.1 200 OK"
2026-05-14 17:31:42,953 - httpx - INFO - HTTP Request: POST https://dashscope.aliyuncs.com/compatible-mode/v1/chat/completions "HTTP/1.1 200 OK"
2026-05-14 17:32:02,952 - httpx - INFO - HTTP Request: POST https://dashscope.aliyuncs.com/compatible-mode/v1/chat/completions "HTTP/1.1 200 OK"
2026-05-14 17:32:26,829 - httpx - INFO - HTTP Request: POST https://dashscope.aliyuncs.com/compatible-mode/v1/chat/completions "HTTP/1.1 200 OK"
2026-05-14 17:33:16,725 - httpx - INFO - HTTP Request: POST https://dashscope.aliyuncs.com/compatible-mode/v1/chat/completions "HTTP/1.1 200 OK"
2026-05-14 17:33:33,110 - httpx - INFO - HTTP Request: POST https://dashscope.aliyuncs.com/compatible-mode/v1/chat/completions "HTTP/1.1 200 OK"
2026-05-14 17:33:46,254 - httpx - INFO - HTTP Request: POST https://dashscope.aliyuncs.com/compatible-mode/v1/chat/completions "HTTP/1.1 200 OK"
2026-05-14 17:35:11,159 - httpx - INFO - HTTP Request: POST https://dashscope.aliyuncs.com/compatible-mode/v1/chat/completions "HTTP/1.1 200 OK"
2026-05-14 17:35:40,942 - httpx - INFO - HTTP Request: POST https://dashscope.aliyuncs.com/compatible-mode/v1/chat/completions "HTTP/1.1 200 OK"
2026-05-14 17:35:57,800 - httpx - INFO - HTTP Request: POST https://dashscope.aliyuncs.com/compatible-mode/v1/chat/completions "HTTP/1.1 200 OK"
2026-05-14 17:35:57,803 - utils.logger - INFO - 第五步六：商品数据AI分析
2026-05-14 17:35:57,821 - utils.logger - INFO - 第六步：分析股票
2026-05-14 17:35:57,834 - utils.logger - INFO - 第七步：生成报告
2026-05-14 17:35:57,849 - utils.logger - INFO - 第八步：转换为PNG和PDF
2026-05-14 17:35:58,387 - utils.logger - INFO - 第九步：发送邮件
2026-05-14 17:36:01,379 - utils.logger - INFO - 每日选股分析任务完成
2026-05-14 17:41:59,545 - utils.logger - INFO - 开始执行每日选股分析任务
2026-05-14 17:41:59,547 - utils.logger - INFO - 第一步：获取权威时间
2026-05-14 17:42:00,364 - utils.logger - INFO - 第二步：获取市场数据
2026-05-14 17:43:12,224 - utils.logger - INFO - 第三步：处理数据
2026-05-14 17:43:12,224 - utils.logger - INFO - 第四步：AI新闻筛选分析
2026-05-15 11:16:16,704 - utils.logger - INFO - 开始执行每日选股分析任务
2026-05-15 11:16:16,706 - utils.logger - INFO - 第一步：获取权威时间
2026-05-15 11:16:17,552 - utils.logger - INFO - 第二步：获取市场数据
2026-05-15 11:16:41,719 - utils.logger - INFO - 第三步：处理数据
2026-05-15 11:16:41,721 - utils.logger - INFO - 第四步：AI新闻筛选分析
2026-05-15 11:18:05,779 - httpx - INFO - HTTP Request: POST https://dashscope.aliyuncs.com/compatible-mode/v1/chat/completions "HTTP/1.1 200 OK"
2026-05-15 11:18:05,805 - utils.logger - INFO - 第五步：基于缠论理论的AI选股
2026-05-15 11:18:09,069 - utils.logger - INFO - 第五步半：板块驱动因素AI分析
2026-05-15 11:18:43,031 - httpx - INFO - HTTP Request: POST https://dashscope.aliyuncs.com/compatible-mode/v1/chat/completions "HTTP/1.1 200 OK"
2026-05-15 11:19:25,931 - httpx - INFO - HTTP Request: POST https://dashscope.aliyuncs.com/compatible-mode/v1/chat/completions "HTTP/1.1 200 OK"
2026-05-15 11:20:27,159 - httpx - INFO - HTTP Request: POST https://dashscope.aliyuncs.com/compatible-mode/v1/chat/completions "HTTP/1.1 200 OK"
2026-05-15 11:21:06,159 - httpx - INFO - HTTP Request: POST https://dashscope.aliyuncs.com/compatible-mode/v1/chat/completions "HTTP/1.1 200 OK"
2026-05-15 11:21:33,518 - httpx - INFO - HTTP Request: POST https://dashscope.aliyuncs.com/compatible-mode/v1/chat/completions "HTTP/1.1 200 OK"
2026-05-15 11:21:55,626 - httpx - INFO - HTTP Request: POST https://dashscope.aliyuncs.com/compatible-mode/v1/chat/completions "HTTP/1.1 200 OK"
2026-05-15 11:22:08,579 - httpx - INFO - HTTP Request: POST https://dashscope.aliyuncs.com/compatible-mode/v1/chat/completions "HTTP/1.1 200 OK"
2026-05-15 11:23:02,848 - httpx - INFO - HTTP Request: POST https://dashscope.aliyuncs.com/compatible-mode/v1/chat/completions "HTTP/1.1 200 OK"
2026-05-15 11:23:30,611 - httpx - INFO - HTTP Request: POST https://dashscope.aliyuncs.com/compatible-mode/v1/chat/completions "HTTP/1.1 200 OK"
2026-05-15 11:23:44,849 - httpx - INFO - HTTP Request: POST https://dashscope.aliyuncs.com/compatible-mode/v1/chat/completions "HTTP/1.1 200 OK"
2026-05-15 11:23:44,852 - utils.logger - INFO - 第五步六：美股和商品AI分析
2026-05-15 11:24:04,169 - httpx - INFO - HTTP Request: POST https://dashscope.aliyuncs.com/compatible-mode/v1/chat/completions "HTTP/1.1 200 OK"
2026-05-15 11:25:04,604 - httpx - INFO - HTTP Request: POST https://dashscope.aliyuncs.com/compatible-mode/v1/chat/completions "HTTP/1.1 200 OK"
2026-05-15 11:26:40,254 - httpx - INFO - HTTP Request: POST https://dashscope.aliyuncs.com/compatible-mode/v1/chat/completions "HTTP/1.1 200 OK"
2026-05-15 11:28:07,575 - httpx - INFO - HTTP Request: POST https://dashscope.aliyuncs.com/compatible-mode/v1/chat/completions "HTTP/1.1 200 OK"
2026-05-15 11:28:40,233 - httpx - INFO - HTTP Request: POST https://dashscope.aliyuncs.com/compatible-mode/v1/chat/completions "HTTP/1.1 200 OK"
2026-05-15 11:28:40,253 - utils.logger - INFO - 第六步：分析股票
2026-05-15 11:28:40,270 - utils.logger - INFO - 第七步：生成报告
2026-05-15 11:28:40,333 - utils.logger - INFO - 第八步：转换为PNG和PDF
2026-05-15 11:28:42,071 - utils.logger - INFO - 第九步：发送邮件
2026-05-15 11:28:45,175 - utils.logger - INFO - 每日选股分析任务完成
2026-05-15 13:24:06,880 - utils.logger - INFO - 开始执行每日选股分析任务
2026-05-15 13:24:06,883 - utils.logger - INFO - 第一步：获取权威时间
2026-05-15 13:24:07,747 - utils.logger - INFO - 第二步：获取市场数据
2026-05-15 13:24:59,834 - utils.logger - INFO - 第三步：处理数据
2026-05-15 13:24:59,835 - utils.logger - INFO - 第四步：AI新闻筛选分析
2026-05-15 13:26:15,034 - httpx - INFO - HTTP Request: POST https://dashscope.aliyuncs.com/compatible-mode/v1/chat/completions "HTTP/1.1 200 OK"
2026-05-15 13:26:15,074 - utils.logger - INFO - 第五步：基于缠论理论的AI选股
2026-05-15 13:28:38,002 - httpx - INFO - HTTP Request: POST https://dashscope.aliyuncs.com/compatible-mode/v1/chat/completions "HTTP/1.1 200 OK"
2026-05-15 13:28:38,004 - utils.logger - INFO - 第五步半：板块驱动因素AI分析
2026-05-15 13:28:58,040 - httpx - INFO - HTTP Request: POST https://dashscope.aliyuncs.com/compatible-mode/v1/chat/completions "HTTP/1.1 200 OK"
2026-05-15 13:29:30,929 - httpx - INFO - HTTP Request: POST https://dashscope.aliyuncs.com/compatible-mode/v1/chat/completions "HTTP/1.1 200 OK"
2026-05-15 13:29:47,556 - httpx - INFO - HTTP Request: POST https://dashscope.aliyuncs.com/compatible-mode/v1/chat/completions "HTTP/1.1 200 OK"
2026-05-15 13:30:25,931 - httpx - INFO - HTTP Request: POST https://dashscope.aliyuncs.com/compatible-mode/v1/chat/completions "HTTP/1.1 200 OK"
2026-05-15 13:31:04,097 - httpx - INFO - HTTP Request: POST https://dashscope.aliyuncs.com/compatible-mode/v1/chat/completions "HTTP/1.1 200 OK"
2026-05-15 13:31:35,453 - httpx - INFO - HTTP Request: POST https://dashscope.aliyuncs.com/compatible-mode/v1/chat/completions "HTTP/1.1 200 OK"
2026-05-15 13:32:35,964 - httpx - INFO - HTTP Request: POST https://dashscope.aliyuncs.com/compatible-mode/v1/chat/completions "HTTP/1.1 200 OK"
2026-05-15 13:33:34,919 - httpx - INFO - HTTP Request: POST https://dashscope.aliyuncs.com/compatible-mode/v1/chat/completions "HTTP/1.1 200 OK"
2026-05-15 13:34:04,811 - httpx - INFO - HTTP Request: POST https://dashscope.aliyuncs.com/compatible-mode/v1/chat/completions "HTTP/1.1 200 OK"
2026-05-15 13:34:51,262 - utils.logger - INFO - 开始执行每日选股分析任务
2026-05-15 13:34:51,262 - utils.logger - INFO - 第一步：获取权威时间
2026-05-15 13:34:51,899 - utils.logger - INFO - 第二步：获取市场数据
2026-05-15 13:35:39,428 - utils.logger - INFO - 第三步：处理数据
2026-05-15 13:35:39,442 - utils.logger - INFO - 第四步：AI新闻筛选分析
2026-05-15 13:35:45,990 - httpx - INFO - HTTP Request: POST https://openrouter.ai/api/v1/chat/completions "HTTP/1.1 200 OK"
2026-05-15 13:36:11,627 - utils.logger - INFO - 第五步：基于缠论理论的AI选股
2026-05-15 13:37:06,131 - httpx - INFO - HTTP Request: POST https://openrouter.ai/api/v1/chat/completions "HTTP/1.1 200 OK"
2026-05-15 13:37:34,105 - utils.logger - INFO - 第五步半：板块驱动因素AI分析
2026-05-15 13:37:36,418 - httpx - INFO - HTTP Request: POST https://openrouter.ai/api/v1/chat/completions "HTTP/1.1 200 OK"
2026-05-15 13:37:44,351 - httpx - INFO - HTTP Request: POST https://openrouter.ai/api/v1/chat/completions "HTTP/1.1 200 OK"
2026-05-15 13:38:50,688 - httpx - INFO - HTTP Request: POST https://openrouter.ai/api/v1/chat/completions "HTTP/1.1 200 OK"
2026-05-15 13:38:53,706 - httpx - INFO - HTTP Request: POST https://openrouter.ai/api/v1/chat/completions "HTTP/1.1 200 OK"
2026-05-15 13:38:58,085 - httpx - INFO - HTTP Request: POST https://openrouter.ai/api/v1/chat/completions "HTTP/1.1 200 OK"
2026-05-15 13:39:47,911 - httpx - INFO - HTTP Request: POST https://openrouter.ai/api/v1/chat/completions "HTTP/1.1 200 OK"
2026-05-15 13:39:56,622 - httpx - INFO - HTTP Request: POST https://openrouter.ai/api/v1/chat/completions "HTTP/1.1 200 OK"
2026-05-15 13:40:12,702 - httpx - INFO - HTTP Request: POST https://openrouter.ai/api/v1/chat/completions "HTTP/1.1 200 OK"
2026-05-15 13:40:15,567 - httpx - INFO - HTTP Request: POST https://openrouter.ai/api/v1/chat/completions "HTTP/1.1 200 OK"
2026-05-15 13:40:37,072 - httpx - INFO - HTTP Request: POST https://openrouter.ai/api/v1/chat/completions "HTTP/1.1 200 OK"
2026-05-15 13:40:55,699 - utils.logger - INFO - 第五步六：美股和商品AI分析
2026-05-15 13:40:57,875 - httpx - INFO - HTTP Request: POST https://openrouter.ai/api/v1/chat/completions "HTTP/1.1 200 OK"
2026-05-15 13:41:01,315 - httpx - INFO - HTTP Request: POST https://openrouter.ai/api/v1/chat/completions "HTTP/1.1 200 OK"
2026-05-15 13:41:56,291 - httpx - INFO - HTTP Request: POST https://openrouter.ai/api/v1/chat/completions "HTTP/1.1 200 OK"
2026-05-15 13:41:59,208 - httpx - INFO - HTTP Request: POST https://openrouter.ai/api/v1/chat/completions "HTTP/1.1 200 OK"
2026-05-15 13:42:03,102 - httpx - INFO - HTTP Request: POST https://openrouter.ai/api/v1/chat/completions "HTTP/1.1 200 OK"
2026-05-15 13:42:04,031 - utils.logger - INFO - 第六步：分析股票
2026-05-15 13:42:04,083 - utils.logger - INFO - 第七步：生成报告
2026-05-15 13:42:04,120 - utils.logger - INFO - 第八步：转换为PDF
2026-05-15 13:42:07,378 - utils.logger - INFO - 第九步：发送邮件
2026-05-15 13:42:10,471 - utils.logger - INFO - 每日选股分析任务完成
2026-05-15 13:43:14,567 - utils.logger - INFO - 开始执行每日选股分析任务
2026-05-15 13:43:14,567 - utils.logger - INFO - 第一步：获取权威时间
2026-05-15 13:43:15,434 - utils.logger - INFO - 第二步：获取市场数据
2026-05-15 13:43:43,431 - utils.logger - INFO - 第三步：处理数据
2026-05-15 13:43:43,432 - utils.logger - INFO - 第四步：AI新闻筛选分析
2026-05-15 13:43:47,249 - httpx - INFO - HTTP Request: POST https://openrouter.ai/api/v1/chat/completions "HTTP/1.1 200 OK"
2026-05-15 13:44:05,593 - utils.logger - INFO - 第五步：基于缠论理论的AI选股
2026-05-15 13:44:56,507 - httpx - INFO - HTTP Request: POST https://openrouter.ai/api/v1/chat/completions "HTTP/1.1 200 OK"
2026-05-15 13:45:49,210 - utils.logger - INFO - 第五步半：板块驱动因素AI分析
2026-05-15 13:45:51,090 - httpx - INFO - HTTP Request: POST https://openrouter.ai/api/v1/chat/completions "HTTP/1.1 200 OK"
2026-05-15 13:45:53,569 - httpx - INFO - HTTP Request: POST https://openrouter.ai/api/v1/chat/completions "HTTP/1.1 200 OK"
2026-05-15 13:45:56,826 - httpx - INFO - HTTP Request: POST https://openrouter.ai/api/v1/chat/completions "HTTP/1.1 200 OK"
2026-05-15 13:46:05,677 - httpx - INFO - HTTP Request: POST https://openrouter.ai/api/v1/chat/completions "HTTP/1.1 200 OK"
2026-05-15 13:46:08,647 - httpx - INFO - HTTP Request: POST https://openrouter.ai/api/v1/chat/completions "HTTP/1.1 200 OK"
2026-05-15 13:46:15,574 - httpx - INFO - HTTP Request: POST https://openrouter.ai/api/v1/chat/completions "HTTP/1.1 200 OK"
2026-05-15 13:46:18,871 - httpx - INFO - HTTP Request: POST https://openrouter.ai/api/v1/chat/completions "HTTP/1.1 200 OK"
2026-05-15 13:46:23,181 - httpx - INFO - HTTP Request: POST https://openrouter.ai/api/v1/chat/completions "HTTP/1.1 200 OK"
2026-05-15 13:46:26,326 - httpx - INFO - HTTP Request: POST https://openrouter.ai/api/v1/chat/completions "HTTP/1.1 200 OK"
2026-05-15 13:46:42,584 - httpx - INFO - HTTP Request: POST https://openrouter.ai/api/v1/chat/completions "HTTP/1.1 200 OK"
2026-05-15 13:46:50,755 - utils.logger - INFO - 第五步六：美股和商品AI分析
2026-05-15 13:46:52,644 - httpx - INFO - HTTP Request: POST https://openrouter.ai/api/v1/chat/completions "HTTP/1.1 200 OK"
2026-05-15 13:47:55,319 - httpx - INFO - HTTP Request: POST https://openrouter.ai/api/v1/chat/completions "HTTP/1.1 200 OK"
2026-05-15 13:47:58,252 - httpx - INFO - HTTP Request: POST https://openrouter.ai/api/v1/chat/completions "HTTP/1.1 200 OK"
2026-05-15 13:48:54,921 - httpx - INFO - HTTP Request: POST https://openrouter.ai/api/v1/chat/completions "HTTP/1.1 200 OK"
2026-05-15 13:49:05,526 - httpx - INFO - HTTP Request: POST https://openrouter.ai/api/v1/chat/completions "HTTP/1.1 200 OK"
2026-05-15 13:49:55,216 - utils.logger - INFO - 第六步：分析股票
2026-05-15 13:49:55,258 - utils.logger - INFO - 第七步：生成报告
2026-05-15 13:49:55,287 - utils.logger - INFO - 第八步：转换为PDF
2026-05-15 13:49:56,617 - utils.logger - INFO - 第九步：发送邮件
2026-05-15 13:49:59,652 - utils.logger - INFO - 每日选股分析任务完成
2026-05-15 13:50:35,792 - utils.logger - INFO - 开始执行每日选股分析任务
2026-05-15 13:50:35,792 - utils.logger - INFO - 第一步：获取权威时间
2026-05-15 13:50:36,583 - utils.logger - INFO - 第二步：获取市场数据
2026-05-15 13:51:14,563 - utils.logger - INFO - 第三步：处理数据
2026-05-15 13:51:14,563 - utils.logger - INFO - 第四步：AI新闻筛选分析
2026-05-15 13:51:16,454 - httpx - INFO - HTTP Request: POST https://openrouter.ai/api/v1/chat/completions "HTTP/1.1 404 Not Found"
2026-05-15 13:51:16,458 - utils.logger - INFO - 第五步：基于缠论理论的AI选股
2026-05-15 13:52:06,920 - httpx - INFO - HTTP Request: POST https://openrouter.ai/api/v1/chat/completions "HTTP/1.1 404 Not Found"
2026-05-15 13:52:06,921 - utils.logger - INFO - 第五步半：板块驱动因素AI分析
2026-05-15 13:52:07,270 - httpx - INFO - HTTP Request: POST https://openrouter.ai/api/v1/chat/completions "HTTP/1.1 404 Not Found"
2026-05-15 13:52:07,623 - httpx - INFO - HTTP Request: POST https://openrouter.ai/api/v1/chat/completions "HTTP/1.1 404 Not Found"
2026-05-15 13:52:07,978 - httpx - INFO - HTTP Request: POST https://openrouter.ai/api/v1/chat/completions "HTTP/1.1 404 Not Found"
2026-05-15 13:52:08,351 - httpx - INFO - HTTP Request: POST https://openrouter.ai/api/v1/chat/completions "HTTP/1.1 404 Not Found"
2026-05-15 13:52:09,687 - httpx - INFO - HTTP Request: POST https://openrouter.ai/api/v1/chat/completions "HTTP/1.1 404 Not Found"
2026-05-15 13:52:10,050 - httpx - INFO - HTTP Request: POST https://openrouter.ai/api/v1/chat/completions "HTTP/1.1 404 Not Found"
2026-05-15 13:52:10,401 - httpx - INFO - HTTP Request: POST https://openrouter.ai/api/v1/chat/completions "HTTP/1.1 404 Not Found"
2026-05-15 13:52:10,757 - httpx - INFO - HTTP Request: POST https://openrouter.ai/api/v1/chat/completions "HTTP/1.1 404 Not Found"
2026-05-15 13:52:11,116 - httpx - INFO - HTTP Request: POST https://openrouter.ai/api/v1/chat/completions "HTTP/1.1 404 Not Found"
2026-05-15 13:52:11,481 - httpx - INFO - HTTP Request: POST https://openrouter.ai/api/v1/chat/completions "HTTP/1.1 404 Not Found"
2026-05-15 13:52:11,483 - utils.logger - INFO - 第五步六：美股和商品AI分析
2026-05-15 13:52:12,101 - httpx - INFO - HTTP Request: POST https://openrouter.ai/api/v1/chat/completions "HTTP/1.1 404 Not Found"
2026-05-15 13:52:12,464 - httpx - INFO - HTTP Request: POST https://openrouter.ai/api/v1/chat/completions "HTTP/1.1 404 Not Found"
2026-05-15 13:52:12,837 - httpx - INFO - HTTP Request: POST https://openrouter.ai/api/v1/chat/completions "HTTP/1.1 404 Not Found"
2026-05-15 13:52:13,202 - httpx - INFO - HTTP Request: POST https://openrouter.ai/api/v1/chat/completions "HTTP/1.1 404 Not Found"
2026-05-15 13:52:13,550 - httpx - INFO - HTTP Request: POST https://openrouter.ai/api/v1/chat/completions "HTTP/1.1 404 Not Found"
2026-05-15 13:52:13,551 - utils.logger - INFO - 第六步：分析股票
2026-05-15 13:52:13,551 - utils.logger - INFO - 第七步：生成报告
2026-05-15 13:52:13,554 - utils.logger - INFO - 第八步：转换为PDF
2026-05-15 13:52:13,951 - utils.logger - INFO - 第九步：发送邮件
2026-05-15 13:52:16,820 - utils.logger - INFO - 每日选股分析任务完成
2026-05-15 14:05:19,889 - utils.logger - INFO - 开始执行每日选股分析任务
2026-05-15 14:05:19,891 - utils.logger - INFO - 第一步：获取权威时间
2026-05-15 14:05:20,451 - utils.logger - INFO - 第二步：获取市场数据
2026-05-15 14:06:07,204 - utils.logger - INFO - 第三步：处理数据
2026-05-15 14:06:07,204 - utils.logger - INFO - 第四步：AI新闻筛选分析
2026-05-15 14:06:09,800 - httpx - INFO - HTTP Request: POST https://openrouter.ai/api/v1/chat/completions "HTTP/1.1 200 OK"
2026-05-15 14:06:40,674 - utils.logger - INFO - 第五步：基于缠论理论的AI选股
2026-05-15 14:07:26,926 - httpx - INFO - HTTP Request: POST https://openrouter.ai/api/v1/chat/completions "HTTP/1.1 200 OK"
2026-05-15 14:07:58,415 - utils.logger - INFO - 第五步半：板块驱动因素AI分析
2026-05-15 14:07:59,407 - httpx - INFO - HTTP Request: POST https://openrouter.ai/api/v1/chat/completions "HTTP/1.1 200 OK"
2026-05-15 14:08:06,776 - httpx - INFO - HTTP Request: POST https://openrouter.ai/api/v1/chat/completions "HTTP/1.1 200 OK"
2026-05-15 14:08:10,059 - httpx - INFO - HTTP Request: POST https://openrouter.ai/api/v1/chat/completions "HTTP/1.1 200 OK"
2026-05-15 14:08:14,451 - httpx - INFO - HTTP Request: POST https://openrouter.ai/api/v1/chat/completions "HTTP/1.1 200 OK"
2026-05-15 14:08:18,032 - httpx - INFO - HTTP Request: POST https://openrouter.ai/api/v1/chat/completions "HTTP/1.1 200 OK"
2026-05-15 14:08:25,088 - httpx - INFO - HTTP Request: POST https://openrouter.ai/api/v1/chat/completions "HTTP/1.1 200 OK"
2026-05-15 14:08:28,062 - httpx - INFO - HTTP Request: POST https://openrouter.ai/api/v1/chat/completions "HTTP/1.1 200 OK"
2026-05-15 14:08:32,896 - httpx - INFO - HTTP Request: POST https://openrouter.ai/api/v1/chat/completions "HTTP/1.1 200 OK"
2026-05-15 14:08:36,085 - httpx - INFO - HTTP Request: POST https://openrouter.ai/api/v1/chat/completions "HTTP/1.1 200 OK"
2026-05-15 14:08:39,544 - httpx - INFO - HTTP Request: POST https://openrouter.ai/api/v1/chat/completions "HTTP/1.1 200 OK"
2026-05-15 14:08:41,502 - utils.logger - INFO - 第五步六：美股和商品AI分析
2026-05-15 14:08:44,510 - httpx - INFO - HTTP Request: POST https://openrouter.ai/api/v1/chat/completions "HTTP/1.1 200 OK"
2026-05-15 14:08:53,085 - httpx - INFO - HTTP Request: POST https://openrouter.ai/api/v1/chat/completions "HTTP/1.1 200 OK"
2026-05-15 14:09:05,060 - httpx - INFO - HTTP Request: POST https://openrouter.ai/api/v1/chat/completions "HTTP/1.1 200 OK"
2026-05-15 14:09:07,240 - httpx - INFO - HTTP Request: POST https://openrouter.ai/api/v1/chat/completions "HTTP/1.1 200 OK"
2026-05-15 14:09:10,867 - httpx - INFO - HTTP Request: POST https://openrouter.ai/api/v1/chat/completions "HTTP/1.1 200 OK"
2026-05-15 14:09:13,918 - utils.logger - INFO - 第六步：分析股票
2026-05-15 14:09:13,918 - utils.logger - INFO - 第七步：生成报告
2026-05-15 14:09:13,923 - utils.logger - INFO - 第八步：转换为PDF
2026-05-15 14:09:14,476 - utils.logger - INFO - 第九步：发送邮件
2026-05-15 14:09:17,864 - utils.logger - INFO - 每日选股分析任务完成
2026-05-15 14:14:44,263 - utils.logger - INFO - 开始执行每日选股分析任务
2026-05-15 14:14:44,266 - utils.logger - INFO - 第一步：获取权威时间
2026-05-15 14:14:46,200 - utils.logger - INFO - 第二步：获取市场数据
2026-05-15 14:15:26,481 - utils.logger - INFO - 第三步：处理数据
2026-05-15 14:15:26,481 - utils.logger - INFO - 第四步：AI新闻筛选分析
2026-05-15 14:15:28,960 - httpx - INFO - HTTP Request: POST https://openrouter.ai/api/v1/chat/completions "HTTP/1.1 200 OK"
2026-05-15 14:15:52,856 - utils.logger - INFO - 第五步：基于缠论理论的AI选股
2026-05-15 14:16:38,305 - httpx - INFO - HTTP Request: POST https://openrouter.ai/api/v1/chat/completions "HTTP/1.1 200 OK"
2026-05-15 14:17:12,598 - utils.logger - INFO - 第五步半：板块驱动因素AI分析
2026-05-15 14:17:13,667 - httpx - INFO - HTTP Request: POST https://openrouter.ai/api/v1/chat/completions "HTTP/1.1 200 OK"
2026-05-15 14:17:16,755 - httpx - INFO - HTTP Request: POST https://openrouter.ai/api/v1/chat/completions "HTTP/1.1 200 OK"
2026-05-15 14:17:19,295 - httpx - INFO - HTTP Request: POST https://openrouter.ai/api/v1/chat/completions "HTTP/1.1 200 OK"
2026-05-15 14:17:22,494 - httpx - INFO - HTTP Request: POST https://openrouter.ai/api/v1/chat/completions "HTTP/1.1 200 OK"
2026-05-15 14:17:25,580 - httpx - INFO - HTTP Request: POST https://openrouter.ai/api/v1/chat/completions "HTTP/1.1 200 OK"
2026-05-15 14:17:28,718 - httpx - INFO - HTTP Request: POST https://openrouter.ai/api/v1/chat/completions "HTTP/1.1 200 OK"
2026-05-15 14:17:31,848 - httpx - INFO - HTTP Request: POST https://openrouter.ai/api/v1/chat/completions "HTTP/1.1 200 OK"
2026-05-15 14:17:35,291 - httpx - INFO - HTTP Request: POST https://openrouter.ai/api/v1/chat/completions "HTTP/1.1 200 OK"
2026-05-15 14:17:37,897 - httpx - INFO - HTTP Request: POST https://openrouter.ai/api/v1/chat/completions "HTTP/1.1 200 OK"
2026-05-15 14:17:44,392 - httpx - INFO - HTTP Request: POST https://openrouter.ai/api/v1/chat/completions "HTTP/1.1 200 OK"
2026-05-15 14:18:00,077 - utils.logger - INFO - 第五步六：美股和商品AI分析
2026-05-15 14:18:03,014 - httpx - INFO - HTTP Request: POST https://openrouter.ai/api/v1/chat/completions "HTTP/1.1 200 OK"
2026-05-15 14:18:15,307 - httpx - INFO - HTTP Request: POST https://openrouter.ai/api/v1/chat/completions "HTTP/1.1 200 OK"
2026-05-15 14:18:18,115 - httpx - INFO - HTTP Request: POST https://openrouter.ai/api/v1/chat/completions "HTTP/1.1 200 OK"
2026-05-15 14:18:20,602 - httpx - INFO - HTTP Request: POST https://openrouter.ai/api/v1/chat/completions "HTTP/1.1 200 OK"
2026-05-15 14:18:23,367 - httpx - INFO - HTTP Request: POST https://openrouter.ai/api/v1/chat/completions "HTTP/1.1 200 OK"
2026-05-15 14:18:32,712 - utils.logger - INFO - 第六步：分析股票
2026-05-15 14:18:32,713 - utils.logger - INFO - 第七步：生成报告
2026-05-15 14:18:32,716 - utils.logger - INFO - 第八步：转换为PDF
2026-05-15 14:18:33,215 - utils.logger - INFO - 第九步：发送邮件
2026-05-15 14:18:36,227 - utils.logger - INFO - 每日选股分析任务完成
2026-05-15 14:27:34,087 - utils.logger - INFO - 开始执行每日选股分析任务
2026-05-15 14:27:34,087 - utils.logger - INFO - 第一步：获取权威时间
2026-05-15 14:27:34,833 - utils.logger - INFO - 第二步：获取市场数据
2026-05-15 14:27:59,756 - utils.logger - INFO - 第三步：处理数据
2026-05-15 14:27:59,756 - utils.logger - INFO - 第四步：AI新闻筛选分析
2026-05-15 14:28:02,975 - httpx - INFO - HTTP Request: POST https://openrouter.ai/api/v1/chat/completions "HTTP/1.1 200 OK"
2026-05-15 14:28:35,183 - utils.logger - INFO - 第五步：基于缠论理论的AI选股
2026-05-15 14:29:39,167 - httpx - INFO - HTTP Request: POST https://openrouter.ai/api/v1/chat/completions "HTTP/1.1 200 OK"
2026-05-15 14:30:18,051 - utils.logger - INFO - 第五步半：板块驱动因素AI分析
2026-05-15 14:30:19,110 - httpx - INFO - HTTP Request: POST https://openrouter.ai/api/v1/chat/completions "HTTP/1.1 200 OK"
2026-05-15 14:30:21,844 - httpx - INFO - HTTP Request: POST https://openrouter.ai/api/v1/chat/completions "HTTP/1.1 200 OK"
2026-05-15 14:30:26,372 - httpx - INFO - HTTP Request: POST https://openrouter.ai/api/v1/chat/completions "HTTP/1.1 200 OK"
2026-05-15 14:30:29,464 - httpx - INFO - HTTP Request: POST https://openrouter.ai/api/v1/chat/completions "HTTP/1.1 200 OK"
2026-05-15 14:30:34,074 - httpx - INFO - HTTP Request: POST https://openrouter.ai/api/v1/chat/completions "HTTP/1.1 200 OK"
2026-05-15 14:30:37,412 - httpx - INFO - HTTP Request: POST https://openrouter.ai/api/v1/chat/completions "HTTP/1.1 200 OK"
2026-05-15 14:30:40,422 - httpx - INFO - HTTP Request: POST https://openrouter.ai/api/v1/chat/completions "HTTP/1.1 200 OK"
2026-05-15 14:30:44,460 - httpx - INFO - HTTP Request: POST https://openrouter.ai/api/v1/chat/completions "HTTP/1.1 200 OK"
2026-05-15 14:30:52,125 - httpx - INFO - HTTP Request: POST https://openrouter.ai/api/v1/chat/completions "HTTP/1.1 200 OK"
2026-05-15 14:30:55,206 - httpx - INFO - HTTP Request: POST https://openrouter.ai/api/v1/chat/completions "HTTP/1.1 200 OK"
2026-05-15 14:30:57,260 - utils.logger - INFO - 第五步六：美股和商品AI分析
2026-05-15 14:30:58,339 - httpx - INFO - HTTP Request: POST https://openrouter.ai/api/v1/chat/completions "HTTP/1.1 200 OK"
2026-05-15 14:31:03,065 - httpx - INFO - HTTP Request: POST https://openrouter.ai/api/v1/chat/completions "HTTP/1.1 200 OK"
2026-05-15 14:31:18,282 - httpx - INFO - HTTP Request: POST https://openrouter.ai/api/v1/chat/completions "HTTP/1.1 200 OK"
2026-05-15 14:31:23,012 - httpx - INFO - HTTP Request: POST https://openrouter.ai/api/v1/chat/completions "HTTP/1.1 200 OK"
2026-05-15 14:31:27,348 - httpx - INFO - HTTP Request: POST https://openrouter.ai/api/v1/chat/completions "HTTP/1.1 200 OK"
2026-05-15 14:31:34,072 - utils.logger - INFO - 第六步：分析股票
2026-05-15 14:31:34,073 - utils.logger - INFO - 第七步：生成报告
2026-05-15 14:31:34,086 - utils.logger - INFO - 第八步：转换为PDF
2026-05-15 14:31:34,696 - utils.logger - INFO - 第九步：发送邮件
2026-05-15 14:31:37,977 - utils.logger - INFO - 每日选股分析任务完成
2026-05-15 14:40:12,465 - utils.logger - INFO - 开始执行每日选股分析任务
2026-05-15 14:40:12,466 - utils.logger - INFO - 第一步：获取权威时间
2026-05-15 14:40:13,205 - utils.logger - INFO - 第二步：获取市场数据
2026-05-15 14:41:27,895 - utils.logger - INFO - 第三步：处理数据
2026-05-15 14:41:27,896 - utils.logger - INFO - 第四步：AI新闻筛选分析
2026-05-15 14:41:30,495 - httpx - INFO - HTTP Request: POST https://openrouter.ai/api/v1/chat/completions "HTTP/1.1 200 OK"
2026-05-15 14:42:19,600 - utils.logger - INFO - 第五步：基于缠论理论的AI选股
2026-05-15 14:45:38,441 - httpx - INFO - HTTP Request: POST https://openrouter.ai/api/v1/chat/completions "HTTP/1.1 200 OK"
2026-05-15 14:46:01,809 - utils.logger - INFO - 第五步半：板块驱动因素AI分析
2026-05-15 14:46:03,030 - httpx - INFO - HTTP Request: POST https://openrouter.ai/api/v1/chat/completions "HTTP/1.1 200 OK"
2026-05-15 14:46:07,498 - httpx - INFO - HTTP Request: POST https://openrouter.ai/api/v1/chat/completions "HTTP/1.1 200 OK"
2026-05-15 14:46:11,084 - httpx - INFO - HTTP Request: POST https://openrouter.ai/api/v1/chat/completions "HTTP/1.1 200 OK"
2026-05-15 14:46:14,335 - httpx - INFO - HTTP Request: POST https://openrouter.ai/api/v1/chat/completions "HTTP/1.1 200 OK"
2026-05-15 14:46:17,055 - httpx - INFO - HTTP Request: POST https://openrouter.ai/api/v1/chat/completions "HTTP/1.1 200 OK"
2026-05-15 14:46:22,811 - httpx - INFO - HTTP Request: POST https://openrouter.ai/api/v1/chat/completions "HTTP/1.1 200 OK"
2026-05-15 14:46:26,189 - httpx - INFO - HTTP Request: POST https://openrouter.ai/api/v1/chat/completions "HTTP/1.1 200 OK"
2026-05-15 14:46:32,699 - httpx - INFO - HTTP Request: POST https://openrouter.ai/api/v1/chat/completions "HTTP/1.1 200 OK"
2026-05-15 14:46:35,505 - httpx - INFO - HTTP Request: POST https://openrouter.ai/api/v1/chat/completions "HTTP/1.1 200 OK"
2026-05-15 14:46:38,511 - httpx - INFO - HTTP Request: POST https://openrouter.ai/api/v1/chat/completions "HTTP/1.1 200 OK"
2026-05-15 14:46:40,234 - utils.logger - INFO - 第五步六：美股和商品AI分析
2026-05-15 14:46:44,448 - httpx - INFO - HTTP Request: POST https://openrouter.ai/api/v1/chat/completions "HTTP/1.1 200 OK"
2026-05-15 14:46:48,432 - httpx - INFO - HTTP Request: POST https://openrouter.ai/api/v1/chat/completions "HTTP/1.1 200 OK"
2026-05-15 14:46:59,055 - httpx - INFO - HTTP Request: POST https://openrouter.ai/api/v1/chat/completions "HTTP/1.1 200 OK"
2026-05-15 14:47:03,819 - httpx - INFO - HTTP Request: POST https://openrouter.ai/api/v1/chat/completions "HTTP/1.1 200 OK"
2026-05-15 14:47:06,259 - httpx - INFO - HTTP Request: POST https://openrouter.ai/api/v1/chat/completions "HTTP/1.1 200 OK"
2026-05-15 14:47:09,877 - utils.logger - INFO - 第六步：分析股票
2026-05-15 14:47:09,878 - utils.logger - INFO - 第七步：生成报告
2026-05-15 14:47:09,894 - utils.logger - INFO - 第八步：转换为PDF
2026-05-15 14:47:10,486 - utils.logger - INFO - 第九步：发送邮件
2026-05-15 14:47:13,378 - utils.logger - INFO - 每日选股分析任务完成
2026-05-15 15:41:59,985 - utils.logger - INFO - 开始执行每日选股分析任务
2026-05-15 15:41:59,985 - utils.logger - INFO - 第一步：获取权威时间
2026-05-15 15:42:00,495 - utils.logger - INFO - 第二步：获取市场数据
2026-05-15 15:42:18,888 - utils.logger - INFO - 第三步：处理数据
2026-05-15 15:42:18,889 - utils.logger - INFO - 第四步：AI新闻筛选分析
2026-05-15 15:42:21,561 - httpx - INFO - HTTP Request: POST https://openrouter.ai/api/v1/chat/completions "HTTP/1.1 200 OK"
2026-05-15 15:42:47,196 - utils.logger - INFO - 第五步：基于缠论理论的AI选股
2026-05-15 15:44:48,250 - httpx - INFO - HTTP Request: POST https://openrouter.ai/api/v1/chat/completions "HTTP/1.1 200 OK"
2026-05-15 15:45:12,869 - utils.logger - INFO - 第五步半：板块驱动因素AI分析
2026-05-15 15:45:13,944 - httpx - INFO - HTTP Request: POST https://openrouter.ai/api/v1/chat/completions "HTTP/1.1 200 OK"
2026-05-15 15:45:16,719 - httpx - INFO - HTTP Request: POST https://openrouter.ai/api/v1/chat/completions "HTTP/1.1 200 OK"
2026-05-15 15:45:19,154 - httpx - INFO - HTTP Request: POST https://openrouter.ai/api/v1/chat/completions "HTTP/1.1 200 OK"
2026-05-15 15:45:25,011 - httpx - INFO - HTTP Request: POST https://openrouter.ai/api/v1/chat/completions "HTTP/1.1 200 OK"
2026-05-15 15:45:27,733 - httpx - INFO - HTTP Request: POST https://openrouter.ai/api/v1/chat/completions "HTTP/1.1 200 OK"
2026-05-15 15:45:33,112 - httpx - INFO - HTTP Request: POST https://openrouter.ai/api/v1/chat/completions "HTTP/1.1 200 OK"
2026-05-15 15:45:54,099 - httpx - INFO - HTTP Request: POST https://openrouter.ai/api/v1/chat/completions "HTTP/1.1 200 OK"
2026-05-15 15:45:58,485 - httpx - INFO - HTTP Request: POST https://openrouter.ai/api/v1/chat/completions "HTTP/1.1 200 OK"
2026-05-15 15:46:04,270 - httpx - INFO - HTTP Request: POST https://openrouter.ai/api/v1/chat/completions "HTTP/1.1 200 OK"
2026-05-15 15:46:08,105 - httpx - INFO - HTTP Request: POST https://openrouter.ai/api/v1/chat/completions "HTTP/1.1 200 OK"
2026-05-15 15:46:10,247 - utils.logger - INFO - 第五步六：美股和商品AI分析
2026-05-15 15:46:11,241 - httpx - INFO - HTTP Request: POST https://openrouter.ai/api/v1/chat/completions "HTTP/1.1 200 OK"
2026-05-15 15:46:13,975 - httpx - INFO - HTTP Request: POST https://openrouter.ai/api/v1/chat/completions "HTTP/1.1 200 OK"
2026-05-15 15:46:16,293 - httpx - INFO - HTTP Request: POST https://openrouter.ai/api/v1/chat/completions "HTTP/1.1 200 OK"
2026-05-15 15:46:18,493 - httpx - INFO - HTTP Request: POST https://openrouter.ai/api/v1/chat/completions "HTTP/1.1 200 OK"
2026-05-15 15:46:25,193 - httpx - INFO - HTTP Request: POST https://openrouter.ai/api/v1/chat/completions "HTTP/1.1 200 OK"
2026-05-15 15:46:28,533 - utils.logger - INFO - 第六步：分析股票
2026-05-15 15:46:28,533 - utils.logger - INFO - 第七步：生成报告
2026-05-15 15:46:28,553 - utils.logger - INFO - 第八步：转换为PDF
2026-05-15 15:46:29,119 - utils.logger - INFO - 第九步：发送邮件
2026-05-15 15:46:32,037 - utils.logger - INFO - 每日选股分析任务完成
2026-05-15 15:56:18,993 - utils.logger - INFO - 开始执行每日选股分析任务
2026-05-15 15:56:18,994 - utils.logger - INFO - 第一步：获取权威时间
2026-05-15 15:56:19,801 - utils.logger - INFO - 第二步：获取市场数据
2026-05-15 15:56:36,572 - utils.logger - INFO - 第三步：处理数据
2026-05-15 15:56:36,573 - utils.logger - INFO - 第四步：AI新闻筛选分析
2026-05-15 15:56:39,544 - httpx - INFO - HTTP Request: POST https://openrouter.ai/api/v1/chat/completions "HTTP/1.1 200 OK"
2026-05-15 15:57:07,158 - utils.logger - INFO - 第五步：基于缠论理论的AI选股
2026-05-15 15:57:27,793 - httpx - INFO - HTTP Request: POST https://openrouter.ai/api/v1/chat/completions "HTTP/1.1 200 OK"
2026-05-15 15:58:08,807 - utils.logger - INFO - 第五步半：板块驱动因素AI分析
2026-05-15 15:58:09,846 - httpx - INFO - HTTP Request: POST https://openrouter.ai/api/v1/chat/completions "HTTP/1.1 200 OK"
2026-05-15 15:58:13,648 - httpx - INFO - HTTP Request: POST https://openrouter.ai/api/v1/chat/completions "HTTP/1.1 200 OK"
2026-05-15 15:58:16,452 - httpx - INFO - HTTP Request: POST https://openrouter.ai/api/v1/chat/completions "HTTP/1.1 200 OK"
2026-05-15 15:58:19,587 - httpx - INFO - HTTP Request: POST https://openrouter.ai/api/v1/chat/completions "HTTP/1.1 200 OK"
2026-05-15 15:58:23,634 - httpx - INFO - HTTP Request: POST https://openrouter.ai/api/v1/chat/completions "HTTP/1.1 200 OK"
2026-05-15 15:58:26,266 - httpx - INFO - HTTP Request: POST https://openrouter.ai/api/v1/chat/completions "HTTP/1.1 200 OK"
2026-05-15 15:58:29,785 - httpx - INFO - HTTP Request: POST https://openrouter.ai/api/v1/chat/completions "HTTP/1.1 200 OK"
2026-05-15 15:58:32,615 - httpx - INFO - HTTP Request: POST https://openrouter.ai/api/v1/chat/completions "HTTP/1.1 200 OK"
2026-05-15 15:58:35,530 - httpx - INFO - HTTP Request: POST https://openrouter.ai/api/v1/chat/completions "HTTP/1.1 200 OK"
2026-05-15 15:58:37,968 - httpx - INFO - HTTP Request: POST https://openrouter.ai/api/v1/chat/completions "HTTP/1.1 200 OK"
2026-05-15 15:58:43,658 - utils.logger - INFO - 第五步六：美股和商品AI分析
2026-05-15 15:58:44,746 - httpx - INFO - HTTP Request: POST https://openrouter.ai/api/v1/chat/completions "HTTP/1.1 200 OK"
2026-05-15 15:58:52,272 - httpx - INFO - HTTP Request: POST https://openrouter.ai/api/v1/chat/completions "HTTP/1.1 200 OK"
2026-05-15 15:58:56,395 - httpx - INFO - HTTP Request: POST https://openrouter.ai/api/v1/chat/completions "HTTP/1.1 200 OK"
2026-05-15 15:58:59,545 - httpx - INFO - HTTP Request: POST https://openrouter.ai/api/v1/chat/completions "HTTP/1.1 200 OK"
2026-05-15 15:59:03,673 - httpx - INFO - HTTP Request: POST https://openrouter.ai/api/v1/chat/completions "HTTP/1.1 200 OK"
2026-05-15 15:59:08,914 - utils.logger - INFO - 第六步：分析股票
2026-05-15 15:59:08,917 - utils.logger - INFO - 第七步：生成报告
2026-05-15 15:59:08,921 - utils.logger - INFO - 第八步：转换为PDF
2026-05-15 15:59:09,001 - utils.logger - INFO - 第九步：发送邮件
2026-05-15 15:59:10,328 - utils.logger - INFO - 每日选股分析任务完成
2026-05-15 16:01:20,724 - utils.logger - INFO - 开始执行每日选股分析任务
2026-05-15 16:01:20,725 - utils.logger - INFO - 第一步：获取权威时间
2026-05-15 16:01:21,551 - utils.logger - INFO - 第二步：获取市场数据
2026-05-15 16:01:37,634 - utils.logger - INFO - 第三步：处理数据
2026-05-15 16:01:37,634 - utils.logger - INFO - 第四步：AI新闻筛选分析
2026-05-15 16:01:40,777 - httpx - INFO - HTTP Request: POST https://openrouter.ai/api/v1/chat/completions "HTTP/1.1 200 OK"
2026-05-15 16:02:08,443 - utils.logger - INFO - 第五步：基于缠论理论的AI选股
2026-05-15 16:02:35,351 - httpx - INFO - HTTP Request: POST https://openrouter.ai/api/v1/chat/completions "HTTP/1.1 200 OK"
2026-05-15 16:03:12,190 - utils.logger - INFO - 第五步半：板块驱动因素AI分析
2026-05-15 16:03:13,189 - httpx - INFO - HTTP Request: POST https://openrouter.ai/api/v1/chat/completions "HTTP/1.1 200 OK"
2026-05-15 16:03:18,447 - httpx - INFO - HTTP Request: POST https://openrouter.ai/api/v1/chat/completions "HTTP/1.1 200 OK"
2026-05-15 16:03:23,113 - httpx - INFO - HTTP Request: POST https://openrouter.ai/api/v1/chat/completions "HTTP/1.1 200 OK"
2026-05-15 16:03:26,208 - httpx - INFO - HTTP Request: POST https://openrouter.ai/api/v1/chat/completions "HTTP/1.1 200 OK"
2026-05-15 16:03:29,030 - httpx - INFO - HTTP Request: POST https://openrouter.ai/api/v1/chat/completions "HTTP/1.1 200 OK"
2026-05-15 16:03:33,183 - httpx - INFO - HTTP Request: POST https://openrouter.ai/api/v1/chat/completions "HTTP/1.1 200 OK"
2026-05-15 16:03:35,734 - httpx - INFO - HTTP Request: POST https://openrouter.ai/api/v1/chat/completions "HTTP/1.1 200 OK"
2026-05-15 16:03:39,305 - httpx - INFO - HTTP Request: POST https://openrouter.ai/api/v1/chat/completions "HTTP/1.1 200 OK"
2026-05-15 16:03:43,675 - httpx - INFO - HTTP Request: POST https://openrouter.ai/api/v1/chat/completions "HTTP/1.1 200 OK"
2026-05-15 16:03:54,568 - httpx - INFO - HTTP Request: POST https://openrouter.ai/api/v1/chat/completions "HTTP/1.1 200 OK"
2026-05-15 16:03:56,903 - utils.logger - INFO - 第五步六：美股和商品AI分析
2026-05-15 16:03:57,984 - httpx - INFO - HTTP Request: POST https://openrouter.ai/api/v1/chat/completions "HTTP/1.1 200 OK"
2026-05-15 16:04:03,578 - httpx - INFO - HTTP Request: POST https://openrouter.ai/api/v1/chat/completions "HTTP/1.1 200 OK"
2026-05-15 16:04:06,632 - httpx - INFO - HTTP Request: POST https://openrouter.ai/api/v1/chat/completions "HTTP/1.1 200 OK"
2026-05-15 16:04:09,966 - httpx - INFO - HTTP Request: POST https://openrouter.ai/api/v1/chat/completions "HTTP/1.1 200 OK"
2026-05-15 16:04:13,591 - httpx - INFO - HTTP Request: POST https://openrouter.ai/api/v1/chat/completions "HTTP/1.1 200 OK"
2026-05-15 16:04:25,452 - utils.logger - INFO - 第六步：分析股票
2026-05-15 16:04:25,455 - utils.logger - INFO - 第七步：生成报告
2026-05-15 16:04:25,459 - utils.logger - INFO - 第八步：转换为PDF
2026-05-15 16:04:25,538 - utils.logger - INFO - 第九步：发送邮件
2026-05-15 16:04:27,000 - utils.logger - INFO - 每日选股分析任务完成
2026-05-15 16:43:26,143 - utils.logger - INFO - 开始执行每日选股分析任务
2026-05-15 16:43:26,144 - utils.logger - INFO - 第一步：获取权威时间
2026-05-15 16:43:26,918 - utils.logger - INFO - 第二步：获取市场数据
2026-05-15 16:43:42,487 - utils.logger - INFO - 第三步：处理数据
2026-05-15 16:43:42,487 - utils.logger - INFO - 第四步：AI新闻筛选分析
2026-05-15 16:43:45,636 - httpx - INFO - HTTP Request: POST https://openrouter.ai/api/v1/chat/completions "HTTP/1.1 200 OK"
2026-05-15 16:44:14,326 - utils.logger - INFO - 第五步：基于缠论理论的AI选股
2026-05-15 16:44:34,820 - httpx - INFO - HTTP Request: POST https://openrouter.ai/api/v1/chat/completions "HTTP/1.1 200 OK"
2026-05-15 16:45:08,112 - utils.logger - INFO - 第五步半：板块驱动因素AI分析
2026-05-15 16:45:12,345 - httpx - INFO - HTTP Request: POST https://openrouter.ai/api/v1/chat/completions "HTTP/1.1 200 OK"
2026-05-15 16:45:28,276 - httpx - INFO - HTTP Request: POST https://openrouter.ai/api/v1/chat/completions "HTTP/1.1 200 OK"
2026-05-15 16:45:33,760 - httpx - INFO - HTTP Request: POST https://openrouter.ai/api/v1/chat/completions "HTTP/1.1 200 OK"
2026-05-15 16:45:42,344 - httpx - INFO - HTTP Request: POST https://openrouter.ai/api/v1/chat/completions "HTTP/1.1 200 OK"
2026-05-15 16:45:46,991 - httpx - INFO - HTTP Request: POST https://openrouter.ai/api/v1/chat/completions "HTTP/1.1 200 OK"
2026-05-15 16:45:49,760 - httpx - INFO - HTTP Request: POST https://openrouter.ai/api/v1/chat/completions "HTTP/1.1 200 OK"
2026-05-15 16:45:54,529 - httpx - INFO - HTTP Request: POST https://openrouter.ai/api/v1/chat/completions "HTTP/1.1 200 OK"
2026-05-15 16:45:57,380 - httpx - INFO - HTTP Request: POST https://openrouter.ai/api/v1/chat/completions "HTTP/1.1 200 OK"
2026-05-15 16:46:00,310 - httpx - INFO - HTTP Request: POST https://openrouter.ai/api/v1/chat/completions "HTTP/1.1 200 OK"
2026-05-15 16:46:03,475 - httpx - INFO - HTTP Request: POST https://openrouter.ai/api/v1/chat/completions "HTTP/1.1 200 OK"
2026-05-15 16:46:13,367 - utils.logger - INFO - 第五步六：美股和商品AI分析
2026-05-15 16:46:14,713 - httpx - INFO - HTTP Request: POST https://openrouter.ai/api/v1/chat/completions "HTTP/1.1 200 OK"
2026-05-15 16:46:17,161 - httpx - INFO - HTTP Request: POST https://openrouter.ai/api/v1/chat/completions "HTTP/1.1 200 OK"
2026-05-15 16:46:19,567 - httpx - INFO - HTTP Request: POST https://openrouter.ai/api/v1/chat/completions "HTTP/1.1 200 OK"
2026-05-15 16:46:22,145 - httpx - INFO - HTTP Request: POST https://openrouter.ai/api/v1/chat/completions "HTTP/1.1 200 OK"
2026-05-15 16:46:24,975 - httpx - INFO - HTTP Request: POST https://openrouter.ai/api/v1/chat/completions "HTTP/1.1 200 OK"
2026-05-15 16:46:27,644 - utils.logger - INFO - 第六步：分析股票
2026-05-15 16:46:27,648 - utils.logger - INFO - 第七步：生成报告
2026-05-15 16:46:27,652 - utils.logger - INFO - 第八步：转换为PDF
2026-05-15 16:46:27,729 - utils.logger - INFO - 第九步：发送邮件
2026-05-15 16:46:29,009 - utils.logger - INFO - 每日选股分析任务完成
2026-05-15 17:05:12,143 - utils.logger - INFO - 开始执行每日选股分析任务
2026-05-15 17:05:12,143 - utils.logger - INFO - 第一步：获取权威时间
2026-05-15 17:05:13,011 - utils.logger - INFO - 第二步：获取市场数据
2026-05-15 17:05:28,541 - utils.logger - INFO - 第三步：处理数据
2026-05-15 17:05:28,542 - utils.logger - INFO - 第四步：AI新闻筛选分析
2026-05-15 17:05:33,405 - httpx - INFO - HTTP Request: POST https://openrouter.ai/api/v1/chat/completions "HTTP/1.1 200 OK"
2026-05-15 17:06:20,876 - utils.logger - INFO - 第五步：基于缠论理论的AI选股
2026-05-15 17:06:41,742 - httpx - INFO - HTTP Request: POST https://openrouter.ai/api/v1/chat/completions "HTTP/1.1 200 OK"
2026-05-15 17:07:21,831 - utils.logger - INFO - 第五步半：板块驱动因素AI分析
2026-05-15 17:07:23,044 - httpx - INFO - HTTP Request: POST https://openrouter.ai/api/v1/chat/completions "HTTP/1.1 200 OK"
2026-05-15 17:07:26,385 - httpx - INFO - HTTP Request: POST https://openrouter.ai/api/v1/chat/completions "HTTP/1.1 200 OK"
2026-05-15 17:07:32,128 - httpx - INFO - HTTP Request: POST https://openrouter.ai/api/v1/chat/completions "HTTP/1.1 200 OK"
2026-05-15 17:07:41,993 - httpx - INFO - HTTP Request: POST https://openrouter.ai/api/v1/chat/completions "HTTP/1.1 200 OK"
2026-05-15 17:07:43,701 - httpx - INFO - HTTP Request: POST https://openrouter.ai/api/v1/chat/completions "HTTP/1.1 200 OK"
2026-05-15 17:07:47,464 - httpx - INFO - HTTP Request: POST https://openrouter.ai/api/v1/chat/completions "HTTP/1.1 200 OK"
2026-05-15 17:07:51,788 - httpx - INFO - HTTP Request: POST https://openrouter.ai/api/v1/chat/completions "HTTP/1.1 200 OK"
2026-05-15 17:07:56,700 - httpx - INFO - HTTP Request: POST https://openrouter.ai/api/v1/chat/completions "HTTP/1.1 200 OK"
2026-05-15 17:08:02,263 - httpx - INFO - HTTP Request: POST https://openrouter.ai/api/v1/chat/completions "HTTP/1.1 200 OK"
2026-05-15 17:08:06,644 - httpx - INFO - HTTP Request: POST https://openrouter.ai/api/v1/chat/completions "HTTP/1.1 200 OK"
2026-05-15 17:08:12,015 - utils.logger - INFO - 第五步六：美股和商品AI分析
2026-05-15 17:08:13,462 - httpx - INFO - HTTP Request: POST https://openrouter.ai/api/v1/chat/completions "HTTP/1.1 200 OK"
2026-05-15 17:08:16,717 - httpx - INFO - HTTP Request: POST https://openrouter.ai/api/v1/chat/completions "HTTP/1.1 200 OK"
2026-05-15 17:08:19,424 - httpx - INFO - HTTP Request: POST https://openrouter.ai/api/v1/chat/completions "HTTP/1.1 200 OK"
2026-05-15 17:08:23,707 - httpx - INFO - HTTP Request: POST https://openrouter.ai/api/v1/chat/completions "HTTP/1.1 200 OK"
2026-05-15 17:08:49,773 - httpx - INFO - HTTP Request: POST https://openrouter.ai/api/v1/chat/completions "HTTP/1.1 200 OK"
2026-05-15 17:08:52,627 - utils.logger - INFO - 第六步：分析股票
2026-05-15 17:08:52,627 - utils.logger - INFO - 第七步：生成报告
2026-05-15 17:08:52,631 - utils.logger - INFO - 第八步：转换为PDF
2026-05-15 17:08:52,705 - utils.logger - INFO - 第九步：发送邮件
2026-05-15 17:08:54,049 - utils.logger - INFO - 每日选股分析任务完成
2026-05-15 17:16:25,716 - utils.logger - INFO - 开始执行每日选股分析任务
2026-05-15 17:16:25,717 - utils.logger - INFO - 第一步：获取权威时间
2026-05-15 17:16:26,536 - utils.logger - INFO - 第二步：获取市场数据
2026-05-15 17:16:42,211 - utils.logger - INFO - 第三步：处理数据
2026-05-15 17:16:42,211 - utils.logger - INFO - 第四步：AI新闻筛选分析
2026-05-15 17:16:45,352 - httpx - INFO - HTTP Request: POST https://openrouter.ai/api/v1/chat/completions "HTTP/1.1 200 OK"
2026-05-15 17:17:13,769 - utils.logger - INFO - 第五步：基于缠论理论的AI选股
2026-05-15 17:17:34,624 - httpx - INFO - HTTP Request: POST https://openrouter.ai/api/v1/chat/completions "HTTP/1.1 200 OK"
2026-05-15 17:18:11,654 - utils.logger - INFO - 第五步半：板块驱动因素AI分析
2026-05-15 17:18:13,314 - httpx - INFO - HTTP Request: POST https://openrouter.ai/api/v1/chat/completions "HTTP/1.1 200 OK"
2026-05-15 17:18:16,850 - httpx - INFO - HTTP Request: POST https://openrouter.ai/api/v1/chat/completions "HTTP/1.1 200 OK"
2026-05-15 17:18:19,659 - httpx - INFO - HTTP Request: POST https://openrouter.ai/api/v1/chat/completions "HTTP/1.1 200 OK"
2026-05-15 17:18:24,704 - httpx - INFO - HTTP Request: POST https://openrouter.ai/api/v1/chat/completions "HTTP/1.1 200 OK"
2026-05-15 17:18:27,908 - httpx - INFO - HTTP Request: POST https://openrouter.ai/api/v1/chat/completions "HTTP/1.1 200 OK"
2026-05-15 17:18:31,292 - httpx - INFO - HTTP Request: POST https://openrouter.ai/api/v1/chat/completions "HTTP/1.1 200 OK"
2026-05-15 17:18:35,990 - httpx - INFO - HTTP Request: POST https://openrouter.ai/api/v1/chat/completions "HTTP/1.1 200 OK"
2026-05-15 17:18:43,098 - httpx - INFO - HTTP Request: POST https://openrouter.ai/api/v1/chat/completions "HTTP/1.1 200 OK"
2026-05-15 17:18:46,597 - httpx - INFO - HTTP Request: POST https://openrouter.ai/api/v1/chat/completions "HTTP/1.1 200 OK"
2026-05-15 17:18:52,144 - httpx - INFO - HTTP Request: POST https://openrouter.ai/api/v1/chat/completions "HTTP/1.1 200 OK"
2026-05-15 17:18:54,734 - utils.logger - INFO - 第五步六：美股和商品AI分析
2026-05-15 17:18:55,811 - httpx - INFO - HTTP Request: POST https://openrouter.ai/api/v1/chat/completions "HTTP/1.1 200 OK"
2026-05-15 17:19:02,293 - httpx - INFO - HTTP Request: POST https://openrouter.ai/api/v1/chat/completions "HTTP/1.1 200 OK"
2026-05-15 17:19:05,221 - httpx - INFO - HTTP Request: POST https://openrouter.ai/api/v1/chat/completions "HTTP/1.1 200 OK"
2026-05-15 17:19:13,096 - httpx - INFO - HTTP Request: POST https://openrouter.ai/api/v1/chat/completions "HTTP/1.1 200 OK"
2026-05-15 17:19:16,011 - httpx - INFO - HTTP Request: POST https://openrouter.ai/api/v1/chat/completions "HTTP/1.1 200 OK"
2026-05-15 17:19:18,558 - utils.logger - INFO - 第六步：分析股票
2026-05-15 17:19:18,559 - utils.logger - INFO - 第七步：生成报告
2026-05-15 17:19:18,562 - utils.logger - INFO - 第八步：转换为PDF
2026-05-15 17:19:18,638 - utils.logger - INFO - 第九步：发送邮件
2026-05-15 17:19:19,950 - utils.logger - INFO - 每日选股分析任务完成
2026-05-15 17:27:04,013 - utils.logger - INFO - 开始执行每日选股分析任务
2026-05-15 17:27:04,014 - utils.logger - INFO - 第一步：获取权威时间
2026-05-15 17:27:04,826 - utils.logger - INFO - 第二步：获取市场数据
2026-05-15 17:27:20,077 - utils.logger - INFO - 第三步：处理数据
2026-05-15 17:27:20,078 - utils.logger - INFO - 第四步：AI新闻筛选分析
2026-05-15 17:27:23,185 - httpx - INFO - HTTP Request: POST https://openrouter.ai/api/v1/chat/completions "HTTP/1.1 200 OK"
2026-05-15 17:27:49,834 - utils.logger - INFO - 第五步：基于缠论理论的AI选股
2026-05-15 17:28:10,237 - httpx - INFO - HTTP Request: POST https://openrouter.ai/api/v1/chat/completions "HTTP/1.1 200 OK"
2026-05-15 17:28:38,857 - utils.logger - INFO - 第五步半：板块驱动因素AI分析
2026-05-15 17:28:42,343 - httpx - INFO - HTTP Request: POST https://openrouter.ai/api/v1/chat/completions "HTTP/1.1 200 OK"
2026-05-15 17:28:49,325 - httpx - INFO - HTTP Request: POST https://openrouter.ai/api/v1/chat/completions "HTTP/1.1 200 OK"
2026-05-15 17:28:52,782 - httpx - INFO - HTTP Request: POST https://openrouter.ai/api/v1/chat/completions "HTTP/1.1 200 OK"
2026-05-15 17:28:56,876 - httpx - INFO - HTTP Request: POST https://openrouter.ai/api/v1/chat/completions "HTTP/1.1 200 OK"
2026-05-15 17:29:02,325 - httpx - INFO - HTTP Request: POST https://openrouter.ai/api/v1/chat/completions "HTTP/1.1 200 OK"
2026-05-15 17:29:08,918 - httpx - INFO - HTTP Request: POST https://openrouter.ai/api/v1/chat/completions "HTTP/1.1 200 OK"
2026-05-15 17:29:20,850 - httpx - INFO - HTTP Request: POST https://openrouter.ai/api/v1/chat/completions "HTTP/1.1 200 OK"
2026-05-15 17:29:24,181 - httpx - INFO - HTTP Request: POST https://openrouter.ai/api/v1/chat/completions "HTTP/1.1 200 OK"
2026-05-15 17:29:28,132 - httpx - INFO - HTTP Request: POST https://openrouter.ai/api/v1/chat/completions "HTTP/1.1 200 OK"
2026-05-15 17:29:31,586 - httpx - INFO - HTTP Request: POST https://openrouter.ai/api/v1/chat/completions "HTTP/1.1 200 OK"
2026-05-15 17:29:33,622 - utils.logger - INFO - 第五步六：美股和商品AI分析
2026-05-15 17:29:34,603 - httpx - INFO - HTTP Request: POST https://openrouter.ai/api/v1/chat/completions "HTTP/1.1 200 OK"
2026-05-15 17:29:37,704 - httpx - INFO - HTTP Request: POST https://openrouter.ai/api/v1/chat/completions "HTTP/1.1 200 OK"
2026-05-15 17:29:43,760 - httpx - INFO - HTTP Request: POST https://openrouter.ai/api/v1/chat/completions "HTTP/1.1 200 OK"
2026-05-15 17:29:46,643 - httpx - INFO - HTTP Request: POST https://openrouter.ai/api/v1/chat/completions "HTTP/1.1 200 OK"
2026-05-15 17:29:53,671 - httpx - INFO - HTTP Request: POST https://openrouter.ai/api/v1/chat/completions "HTTP/1.1 200 OK"
2026-05-15 17:29:59,719 - utils.logger - INFO - 第六步：分析股票
2026-05-15 17:29:59,720 - utils.logger - INFO - 第七步：生成报告
2026-05-15 17:29:59,724 - utils.logger - INFO - 第八步：转换为PDF
2026-05-15 17:29:59,797 - utils.logger - INFO - 第九步：发送邮件
2026-05-15 17:30:01,137 - utils.logger - INFO - 每日选股分析任务完成
2026-05-15 17:31:38,787 - utils.logger - INFO - 开始执行每日选股分析任务
2026-05-15 17:31:38,787 - utils.logger - INFO - 第一步：获取权威时间
2026-05-15 17:31:39,620 - utils.logger - INFO - 第二步：获取市场数据
2026-05-15 17:31:54,226 - utils.logger - INFO - 第三步：处理数据
2026-05-15 17:31:54,227 - utils.logger - INFO - 第四步：AI新闻筛选分析
2026-05-15 17:31:57,446 - httpx - INFO - HTTP Request: POST https://openrouter.ai/api/v1/chat/completions "HTTP/1.1 200 OK"
2026-05-15 17:32:28,810 - utils.logger - INFO - 第五步：基于缠论理论的AI选股
2026-05-15 17:32:49,905 - httpx - INFO - HTTP Request: POST https://openrouter.ai/api/v1/chat/completions "HTTP/1.1 200 OK"
2026-05-15 17:33:09,196 - utils.logger - INFO - 第五步半：板块驱动因素AI分析
2026-05-15 17:33:13,458 - httpx - INFO - HTTP Request: POST https://openrouter.ai/api/v1/chat/completions "HTTP/1.1 200 OK"
2026-05-15 17:33:16,643 - httpx - INFO - HTTP Request: POST https://openrouter.ai/api/v1/chat/completions "HTTP/1.1 200 OK"
2026-05-15 17:33:20,625 - httpx - INFO - HTTP Request: POST https://openrouter.ai/api/v1/chat/completions "HTTP/1.1 200 OK"
2026-05-15 17:33:23,229 - httpx - INFO - HTTP Request: POST https://openrouter.ai/api/v1/chat/completions "HTTP/1.1 200 OK"
2026-05-15 17:33:29,813 - httpx - INFO - HTTP Request: POST https://openrouter.ai/api/v1/chat/completions "HTTP/1.1 200 OK"
2026-05-15 17:33:33,576 - httpx - INFO - HTTP Request: POST https://openrouter.ai/api/v1/chat/completions "HTTP/1.1 200 OK"
2026-05-15 17:33:36,333 - httpx - INFO - HTTP Request: POST https://openrouter.ai/api/v1/chat/completions "HTTP/1.1 200 OK"
2026-05-15 17:33:42,501 - httpx - INFO - HTTP Request: POST https://openrouter.ai/api/v1/chat/completions "HTTP/1.1 200 OK"
2026-05-15 17:34:13,386 - httpx - INFO - HTTP Request: POST https://openrouter.ai/api/v1/chat/completions "HTTP/1.1 200 OK"
2026-05-15 17:34:16,087 - httpx - INFO - HTTP Request: POST https://openrouter.ai/api/v1/chat/completions "HTTP/1.1 200 OK"
2026-05-15 17:34:18,381 - utils.logger - INFO - 第五步六：美股和商品AI分析
2026-05-15 17:34:19,595 - httpx - INFO - HTTP Request: POST https://openrouter.ai/api/v1/chat/completions "HTTP/1.1 200 OK"
2026-05-15 17:34:23,116 - httpx - INFO - HTTP Request: POST https://openrouter.ai/api/v1/chat/completions "HTTP/1.1 200 OK"
2026-05-15 17:34:26,113 - httpx - INFO - HTTP Request: POST https://openrouter.ai/api/v1/chat/completions "HTTP/1.1 200 OK"
2026-05-15 17:34:29,243 - httpx - INFO - HTTP Request: POST https://openrouter.ai/api/v1/chat/completions "HTTP/1.1 200 OK"
2026-05-15 17:34:34,481 - httpx - INFO - HTTP Request: POST https://openrouter.ai/api/v1/chat/completions "HTTP/1.1 200 OK"
2026-05-15 17:34:37,596 - utils.logger - INFO - 第六步：分析股票
2026-05-15 17:34:37,597 - utils.logger - INFO - 第七步：生成报告
2026-05-15 17:34:37,601 - utils.logger - INFO - 第八步：转换为PDF
2026-05-15 17:34:37,673 - utils.logger - INFO - 第九步：发送邮件
2026-05-15 17:34:39,170 - utils.logger - INFO - 每日选股分析任务完成
